학교명,설립별,지역별,학제별,평균등록금(원),장학금_총계,총_대출_학생수,총_대출_금액,총_등록금대출_금액,위도,경도
ICT폴리텍대학,사립,경기,전문대학,2500000.0,660275000,43,91248936,10615000,37.3973608087,127.2482711612
가야대학교(김해),사립,경남,대학,7446294.0,6731889810,582,1803113000,953013000,35.2698162801,128.8723209843
가천대학교,사립,경기,대학,9094425.6,77843265838,5554,19540025873,13159780451,37.4512348695,127.1293943262
가톨릭관동대학교,사립,강원,대학,7725838.9,21628812317,1788,5363917479,2864833126,37.7373287772,128.8737045796
가톨릭꽃동네대학교,사립,충북,대학,7468777.8,1998417415,123,368008385,197458385,36.5219730416,127.4029847365
가톨릭대학교,사립,경기,대학,7963851.9,28695616841,3112,12266569219,8877801279,37.4875313666,126.7986015251
가톨릭상지대학교,사립,경북,전문대학,6122698.4,7148534417,545,1367080534,538730534,36.5693920207,128.7371116893
감리교신학대학교,사립,서울,대학,6941350.0,2886603070,588,2188122340,1462072340,37.5679167647,126.9618923676
강남대학교,사립,경기,대학,8206173.1,22201126913,1931,6612456351,4368418719,37.2741253925,127.1320999033
강동대학교,사립,충북,전문대학,6087118.9,13231413683,964,2845023889,1414423889,37.1435638628,127.647374692
강릉영동대학교,사립,강원,전문대학,6161215.3,8965802818,701,1994311750,1005157580,37.7474175203,128.8549578503
강서대학교,사립,서울,대학,7933023.5,5602164367,447,1471792335,937792335,37.5486853053,126.8541565249
강원대학교,국공립,강원,대학,4231664.8,57280056940,5171,13107727256,5053901981,37.8680243076,127.7483874081
강원도립대학교,국공립,강원,전문대학,2347981.6,1896626865,77,147599000,15099000,37.8766327119,128.8306235929
거제대학교,사립,경남,전문대학,6720853.1,4940098485,296,788380095,339030095,34.8494397344,128.7275934347
건국대학교,사립,서울,대학,8935134.0,83072559273,8862,38006157365,26885056962,37.5391826749,127.0747119023
건양대학교,사립,충남,대학,7429363.0,26621412694,1766,4822286668,2299279338,36.1821519221,127.1096874089
건양사이버대학교,사립,대전,대학,2537763.9,9895117834,654,1383522125,296509200,36.3077818181,127.3426467781
경기과학기술대학교,사립,경기,전문대학,6933951.9,16092637039,1073,3152588302,1721712268,37.3388138614,126.7364292295
경기대학교,사립,경기,대학,8003495.9,51811828645,4577,16597985533,11287552513,37.2980136932,127.0331167151
경남대학교,사립,경남,대학,7060677.8,33880956270,2551,7003572646,3234317512,35.1843209283,128.555096374
경남도립거창대학,국공립,경남,전문대학,2859245.1,2709976215,99,199986000,31086000,35.6732025593,127.9124186594
경남정보대학교,사립,부산,전문대학,6732394.5,23249099612,1904,4685575887,1695309374,35.14645085,129.0090707
경동대학교,사립,강원,대학,8651314.8,31317089896,2394,8126140249,5318118569,38.251533909,128.5565424527
경민대학교,사립,경기,전문대학,7081098.3,18568000000,1345,3677628304,1915042373,37.7461245835,127.0251316197
경복대학교,사립,경기,전문대학,7171732.1,26444496981,2015,5694871056,2987754376,37.7351068105,127.2115918086
경북과학대학교,사립,경북,전문대학,5745592.5,8963885865,355,919620100,349420100,35.9831875152,128.3456689667
경북대학교,국공립,대구,대학,4524820.1,64770483901,6735,19238999692,8948501103,35.8890974885,128.6143223363
경북도립대학교,국공립,경북,전문대학,2459067.8,2432986400,124,225479050,11079050,36.6437290113,128.4546378224
경북보건대학교,사립,경북,전문대학,5777034.0,5331441650,379,986037747,404686840,36.1382094633,128.0837653473
경북전문대학교,사립,경북,전문대학,6282520.8,11637361446,660,1560149059,487789300,36.8070011305,128.61614237
경상국립대학교,국공립,경남,대학,4095673.4,45505989873,4271,10378466809,3680577883,35.1567142172,128.0980014065
경성대학교,사립,부산,대학,7561386.3,41980207209,3960,11984470427,6556547599,35.13843836,129.100099
경운대학교,사립,경북,대학,8046670.2,24972342313,1133,3601318480,2000701800,36.1672258008,128.4678765711
경인교육대학교,국공립,인천,대학,3493348.8,5797960960,512,1370263800,659963800,37.5357431901,126.7172307447
경인여자대학교,사립,인천,전문대학,6971178.9,13853331399,1294,3935586038,2420480985,37.5483197958,126.7235259852
경일대학교,사립,경북,대학,7997556.5,31378792675,2128,6074205048,3370923857,35.9110689539,128.8020451078
경희대학교,사립,서울,대학,8699742.0,83830341317,9480,43553084358,32391182279,37.5939491408,127.0548909606
경희사이버대학교,사립,서울,대학,2931652.2,18196007335,2001,4471877902,1053144558,37.5939491408,127.0548909606
계명대학교,사립,대구,대학,8236598.9,83726970167,6212,19671130029,11501585276,35.8535543479,128.4814937504
계명문화대학교,사립,대구,전문대학,6510125.5,22137132889,1011,2433907965,932016860,35.8594620299,128.4863418285
계원예술대학교,사립,경기,전문대학,8285244.2,10225076703,1237,4291475287,2849785287,37.3794706509,126.9818215238
고려대학교,사립,서울,대학,9125415.0,96799653379,13081,78544514674,63517661175,37.5864922167,127.0309795766
고려사이버대학교,사립,서울,대학,2647878.4,11066597530,1404,3186381400,714581400,37.5869442676,126.9870630256
고신대학교,사립,부산,대학,7298932.0,12064461792,1219,3845151046,2119051046,35.0794694244,129.0621818592
광신대학교,사립,광주,대학,6367853.5,2222469085,259,835220516,424670516,35.2160342606,126.8848545311
광운대학교,사립,서울,대학,8595586.5,28149622278,2716,10311124260,6933607580,37.6193203482,127.0583380669
광주과학기술원,국공립,광주,대학,2060000.0,5797079435,233,519094600,104044600,35.2268791477,126.8429478934
광주교육대학교,국공립,광주,대학,3795423.5,5618566256,273,672747145,250395677,35.1647146773,126.9256971646
광주대학교,사립,광주,대학,7133783.6,24269564963,1458,3815849987,1666807537,35.1059036524,126.8961699346
광주보건대학교,사립,광주,전문대학,5623590.0,12373568627,1003,2522347075,952405405,35.1916954595,126.846188623
광주여자대학교,사립,광주,대학,6809350.9,15438100599,790,2006702829,868321447,35.1631229088,126.7963248574
구미대학교,사립,경북,전문대학,6376911.6,30142675830,1407,3365735222,1132530250,36.1521662282,128.28908828
국립공주대학교,국공립,충남,대학,3858703.8,34021979220,2701,6629320622,2656849171,36.46684834,127.1386693
국립군산대학교,국공립,전북,대학,3891106.1,19321814315,1424,3369307672,1101657672,35.9503457085,126.6803568281
국립금오공과대학교,국공립,경북,대학,3773623.1,15883557975,1332,3085633480,1005433480,36.145631543,128.3878818806
국립목포해양대학교,국공립,전남,대학,3412114.0,6337842030,1044,2176020600,377553920,34.7899637494,126.3658262464
국립부경대학교,국공립,부산,대학,4049668.0,46037259487,3246,7535852596,2406521670,35.1311678251,129.1048237573
국립순천대학교,국공립,전남,대학,3970127.2,18856085743,1411,3164521350,906837990,34.966761282,127.4809230568
국립창원대학교,국공립,경남,대학,3768749.5,23036121425,1857,4344325901,1422050210,35.2470031223,128.6919277262
국립한국교통대학교,국공립,충북,대학,4103672.1,25580036345,1919,4369586296,1356684198,36.9688466997,127.8727694477
국립한국해양대학교,국공립,부산,대학,3722953.1,18441583865,1938,4389983878,1141999199,35.0744079571,129.0873481454
국민대학교,사립,서울,대학,8616796.8,56739723104,5484,23204538394,16850036444,37.61028784,126.9985206
국제대학교,사립,경기,전문대학,7468045.9,10052723834,864,2431841325,1247691325,37.0655111094,127.0802911043
국제사이버대학교,사립,경기,대학,2524286.0,7972948000,401,788717000,93567000,37.2695937546,127.0282232335
군산간호대학교,사립,전북,전문대학,6353625.0,3970818467,468,1233438665,512138665,35.9710187044,126.7601076489
극동대학교,사립,충북,대학,7846600.1,11290077400,909,3244605560,2036755560,37.12825493,127.641871
글로벌사이버대학교,사립,충남,대학,2502176.9,4896489705,342,686283950,96333950,36.7938874629,127.1994105318
금강대학교,사립,충남,대학,6598000.0,768846365,22,42682000,3282000,36.3068265948,127.189714025
기독간호대학교,사립,광주,전문대학,5528712.7,1916844758,199,541272372,225222372,35.1383078501,126.9158688965
김천대학교,사립,경북,대학,7387386.5,11359508730,580,1631924500,796774500,36.1394042514,128.0818388784
김포대학교,사립,경기,전문대학,7015264.2,7459688664,448,1460716340,910808000,37.6513794632,126.6792129046
김해대학교,사립,경남,전문대학,6409703.8,7485129638,837,2296745874,1042787974,35.2541400567,128.9130469854
나사렛대학교,사립,충남,대학,7911622.7,21164632125,1557,4848228659,2938527508,36.79834753,127.1194779
남부대학교,사립,광주,대학,6766873.8,10401593100,727,1806898001,777648001,35.2086092539,126.8421989486
남서울대학교,사립,충남,대학,8616388.3,36337338629,2597,8579682937,5462663484,36.91091373,127.1436195
농협대학교,사립,경기,전문대학,4982666.7,1100962675,176,495290000,176140000,37.6595130985,126.8732287156
단국대학교,사립,경기,대학,8842297.7,76166048653,8471,32738869080,22293887924,37.3211938748,127.1325359352
대경대학교,사립,경북,전문대학,6496174.3,16537949913,1066,2651600339,1039918971,35.8344517618,128.8210469762
대구가톨릭대학교,사립,경북,대학,7904801.4,50944494232,3559,10562890159,5846092414,35.9089671138,128.8074220338
대구경북과학기술원,국공립,대구,대학,7934000.0,2501474825,227,484683680,54200340,35.7056387443,128.4550110375
대구공업대학교,사립,대구,전문대학,6040550.6,6570966620,84,171595500,31895500,35.8340818364,128.5443282864
대구과학대학교,사립,대구,전문대학,6305808.3,22528490490,958,2460734910,1044284910,35.9292535875,128.5427832614
대구교육대학교,국공립,대구,대학,3896000.0,3556199070,391,1082022280,549672280,35.8514315842,128.587739243
대구대학교,사립,경북,대학,7556022.7,68638008459,4718,14002407640,8021919186,35.9045389738,128.8428132643
대구보건대학교,사립,대구,전문대학,6797857.4,27937740888,2406,6590279718,3192678436,35.9268445138,128.5440276515
대구사이버대학교,사립,경북,대학,2691789.5,6609855855,784,1807582591,463698562,35.9045389738,128.8428132643
대구예술대학교,사립,경북,대학,8390429.3,1127356696,91,245243500,141193500,36.0314201283,128.5080914944
대구한의대학교,사립,경북,대학,7845054.2,32253898367,1817,5269130409,2546730280,35.7939880542,128.7773243478
대덕대학교,사립,대전,전문대학,6268134.3,6893147456,321,710077653,249858719,36.3908441195,127.3674509514
대동대학교,사립,부산,전문대학,6596194.4,5734535311,654,1778905583,855955583,35.2291325119,129.0958647019
대림대학교,사립,경기,전문대학,7359284.1,26246181964,1776,5165274194,2997269586,37.4032913499,126.930684165
대신대학교,사립,경북,대학,6626353.4,2885882115,216,651936840,318853500,35.803944789,128.7451373212
대원대학교,사립,충북,전문대학,6447452.7,7327877596,664,1729788069,675638069,37.1757962965,128.1905289421
대전과학기술대학교,사립,대전,전문대학,6424652.2,13420732483,1073,3024500369,1434395212,36.3017868631,127.3757667173
대전보건대학교,사립,대전,전문대학,6505339.1,15720122941,1413,3904855447,1854555447,36.3505061603,127.4559042488
대전신학대학교,사립,대전,대학,6100000.0,368776000,62,225194500,128694500,36.350575768,127.4235434771
대진대학교,사립,경기,대학,8246988.5,29120483653,2526,8031518058,5103200747,37.8738102149,127.1575541253
덕성여자대학교,사립,서울,대학,7810760.7,17152027475,1537,5049160093,3271471504,37.6495090773,127.0163952301
동강대학교,사립,광주,전문대학,5860777.0,9464133502,640,1624802300,590002300,35.1694378564,126.9223460925
동국대학교,사립,서울,대학,8560649.0,76072851709,7348,29466873214,19996606773,37.55893664,126.9987376
동남보건대학교,사립,경기,전문대학,6785908.1,15736031210,1539,4768714667,2920341937,37.2969384403,126.9870000727
동덕여자대학교,사립,서울,대학,8126346.6,24344442934,1944,6892912593,4559030524,37.6068148328,127.0411763018
동서대학교,사립,부산,대학,7543205.4,37384960111,3202,9162939387,4892616554,35.14611992,129.0070172
동서울대학교,사립,경기,전문대학,7161803.3,20171949602,1752,5282552252,3124199690,37.4582854422,127.1288443914
동신대학교,사립,전남,대학,7249025.9,25454944180,1434,4052211722,1955411722,35.0496248791,126.7179925226
동아대학교,사립,부산,대학,7896057.5,66348824140,6225,21484532524,13362786284,35.118809391,128.9680849672
동아방송예술대학교,사립,경기,전문대학,7877335.8,12152781075,1518,4921181479,2916037009,37.0623612286,127.3532946296
동아보건대학교,사립,전남,전문대학,4846806.6,4059026670,343,799421700,244221700,34.73035573,126.5674321
동양대학교,사립,경북,대학,7942642.8,15974708819,1024,2934212036,1645212036,36.8858030211,128.5297792853
동양미래대학교,사립,서울,전문대학,7237317.7,23618814199,1879,5610707852,3511987289,37.4999957879,126.8681696567
동원과학기술대학교,사립,경남,전문대학,6373017.2,10478041818,740,2002027973,870577973,35.3423574124,129.0673552324
동원대학교,사립,경기,전문대학,7343439.7,13181186877,789,2183802980,1171052980,37.3280799949,127.4014405351
동의과학대학교,사립,부산,전문대학,6875240.2,18436651798,1198,3077474749,1255558079,35.1658498304,129.0722265866
동의대학교,사립,부산,대학,7580400.9,58338448394,4266,12403668665,6346575877,35.1443208095,129.0363091747
두원공과대학교,사립,경기,전문대학,7019783.0,7621621477,800,2391369161,1328769161,37.064918845,127.4240959807
디지털서울문화예술대학교,사립,서울,대학,3126349.9,6143454333,633,1600027854,643577854,37.58544374,126.9438792
마산대학교,사립,경남,전문대학,6397885.8,19166508600,1649,4422326785,2063056785,35.2598731294,128.5036938492
명지대학교,사립,경기,대학,8793563.1,47871835560,5320,21326978552,14920553131,37.2218072639,127.1901837275
명지전문대학,사립,서울,전문대학,7163968.3,26020423885,2011,6324759810,3790576460,37.5853653,126.9256899
목원대학교,사립,대전,대학,7965994.0,30611706320,2068,6099505592,3180179389,36.3288661319,127.3374467368
목포가톨릭대학교,사립,전남,대학,6758000.0,2306669880,115,302859817,134609817,34.8267833664,126.418919797
목포과학대학교,사립,전남,전문대학,6106660.5,12231809332,762,1952206192,746606192,34.8078795828,126.4098144291
문경대학교,사립,경북,전문대학,6357049.4,3608096932,352,944335458,379116423,36.6575623418,128.1741778007
배재대학교,사립,대전,대학,7959587.6,29089266173,2003,5697062562,2918523033,36.3232382774,127.3660744602
배화여자대학교,사립,서울,전문대학,6825818.6,8649188937,727,2148112129,1257312129,37.5795440102,126.9672918715
백석대학교,사립,충남,대학,8626213.5,46081294843,5967,21564289209,14146700998,36.83883721,127.1825206
백석문화대학교,사립,충남,전문대학,7501632.0,14837163329,1364,4317540002,2366877071,36.83883721,127.1825206
백제예술대학교,사립,전북,전문대학,8080685.5,2807685626,334,1175338077,740138077,35.9962539422,127.129848318
부산가톨릭대학교,사립,부산,대학,7470200.0,16075350566,1088,3263837621,1797225931,35.2446753072,129.0968719716
부산경상대학교,사립,부산,전문대학,5696012.6,9685530924,332,873519414,334886074,35.1854293315,129.1009589186
부산과학기술대학교,사립,부산,전문대학,6595823.1,16430388478,658,1581982235,568447672,35.19419451,129.0053031
부산교육대학교,국공립,부산,대학,3316000.0,3613922640,296,776300600,329000600,35.1956932099,129.0770825163
부산대학교,국공립,부산,대학,4514543.2,60134538340,6755,21512759521,11227626599,35.2322427972,129.0838244536
부산디지털대학교,사립,부산,대학,2522964.0,5436341928,431,902347300,125647300,35.1466772772,129.0097083737
부산보건대학교,사립,부산,전문대학,6614811.3,10557453862,886,2028373950,692073950,35.1067235699,128.9972308998
부산여자대학교,사립,부산,전문대학,6503938.5,7421075585,569,1464283030,619083030,35.1692365237,129.0720551877
부산예술대학교,사립,부산,전문대학,5696501.5,3138582115,139,364256160,128756160,35.1418395189,129.0839126368
부산외국어대학교,사립,부산,대학,7046968.4,23539128043,1967,5412225125,2542953462,35.2661894921,129.0805532964
부산장신대학교,사립,경남,대학,6316875.0,729173140,201,734816150,451916150,35.2563662116,128.8616244271
부천대학교,사립,경기,전문대학,6909184.8,30500573348,2241,6408641308,3776223245,37.4888727235,126.7792998159
사이버한국외국어대학교,사립,서울,대학,2888042.3,9573469001,1033,2411933110,637255320,37.5982966772,127.0579424137
삼육대학교,사립,서울,대학,8537542.9,21608284524,1731,5735370713,3716500756,37.6433573691,127.1088503432
삼육보건대학교,사립,서울,전문대학,6296214.5,4176811591,444,1234982090,712182090,37.5862119388,127.0635532812
상명대학교,사립,서울,대학,8596065.1,44656668211,4072,14988335427,10293393391,37.6041089059,126.9551594966
상지대학교,사립,강원,대학,8112354.0,20756493444,2053,6949880996,4159116503,37.369119287,127.9299150659
서강대학교,사립,서울,대학,8698676.8,25739870968,4489,26638379868,21354449655,37.55146931,126.943025
서경대학교,사립,서울,대학,8688695.9,23895424006,2155,7550543584,5215543584,37.6154147804,127.0135657644
서영대학교,사립,광주,전문대학,6027954.0,19291392552,1455,3560116379,1323422927,35.175179654,126.8680368229
서울과학기술대학교,국공립,서울,대학,5494477.2,31205737972,2705,8130933109,4332378600,37.6330789279,127.0767947429
서울교육대학교,국공립,서울,대학,3256000.0,2664739655,335,941862000,497312000,37.4907404858,127.0154245376
서울기독대학교,사립,서울,대학,8139117.6,2072223830,160,548324519,324483120,37.6007568622,126.9121924216
서울대학교,국공립,서울,대학,6091815.7,55264819196,6196,26055585607,17774935607,37.468038058,126.9592943376
서울디지털대학교,사립,서울,대학,2311658.9,17371358750,1911,4171458084,688122250,37.555000498,126.8540200682
서울사이버대학교,사립,서울,대학,2850600.1,27666384213,2862,6588331082,1662447390,37.62984392,127.0271231
서울시립대학교,국공립,서울,대학,2530265.8,20394425532,2913,8243715520,3674180420,37.5825775765,127.059988127
서울신학대학교,사립,경기,대학,7676276.8,10505888245,1245,4506378318,2966895259,37.4783249528,126.7900035092
서울여자간호대학교,사립,서울,전문대학,6963750.0,2690290412,387,1144213813,644713813,37.5975698954,126.9477573738
서울여자대학교,사립,서울,대학,8244464.4,25528477816,1776,5832175423,3775608455,37.6287826577,127.0889915089
서울예술대학교,사립,경기,전문대학,8694943.4,12508086343,1804,6698431630,4191748290,37.3334140856,126.8362747992
서울장신대학교,사립,경기,대학,7781326.9,1561503635,326,1247363152,783713152,37.409182112,127.2454525766
서울한영대학교,사립,서울,대학,7245388.9,2416750250,227,730927600,462277600,37.4965661099,126.8512504636
서원대학교,사립,충북,대학,7574190.5,30396300966,1672,4563221706,2423480782,36.6259797378,127.4821176126
서일대학교,사립,서울,전문대학,6909536.0,20828859640,1989,5940157012,3648376052,37.5860827979,127.0972033101
서정대학교,사립,경기,전문대학,6310353.4,36065878205,1098,2894046628,1263404956,37.8564658189,127.0378035488
선린대학교,사립,경북,전문대학,6301218.6,7746827210,482,1217009849,444126509,36.0907836583,129.3331554942
선문대학교,사립,충남,대학,8244256.0,36563038445,2563,8067079257,4758402577,36.8010412577,127.075732835
성결대학교,사립,경기,대학,7857086.3,18678736589,1874,6203050405,4172150405,37.3798657237,126.9288104411
성공회대학교,사립,서울,대학,7626671.5,9181954284,715,2202572378,1332976519,37.4875235978,126.8261635351
성균관대학교,사립,서울,대학,9145523.9,65103841772,9391,56746968249,46162540357,37.5872284083,126.9931151163
성신여자대학교,사립,서울,대학,8437832.3,34697642139,2442,9074289429,6245529779,37.5916524767,127.0221456165
성운대학교,사립,경북,전문대학,5467121.3,6960085400,86,218543400,87043400,36.0642075229,128.7614088406
세경대학교,사립,강원,전문대학,5372224.4,3665401131,137,341876000,119126000,37.1728006203,128.4542813615
세명대학교,사립,충북,대학,7503323.4,27135544315,2034,5842705657,2972241921,37.17384235,128.1961585
세종사이버대학교,사립,서울,대학,2920578.9,20945861579,1943,4104429340,796721000,37.5537274683,127.0728868294
세한대학교,사립,전남,대학,8013059.4,15689289604,749,2350198396,1280745204,34.74537742,126.483264
송곡대학교,사립,강원,전문대학,5619869.9,2541742406,215,553820541,253620541,37.7920447565,127.6493918315
송원대학교,사립,광주,대학,7106105.0,12910635151,542,1337985411,503246440,35.1081845053,126.8732664426
송호대학교,사립,강원,전문대학,6038419.6,3542906073,332,974803250,447553250,37.4734881442,128.0022338137
수성대학교,사립,대구,전문대학,6388042.7,15925474730,735,1787940680,612574000,35.8552529043,128.6496112874
수원과학대학교,사립,경기,전문대학,6011130.5,8515467444,876,2428963636,1223713247,37.1920328913,126.9839265344
수원대학교,사립,경기,대학,8195102.4,31646858717,2359,7841856563,4890630011,37.2101174848,126.9794803525
수원여자대학교,사립,경기,전문대학,7213277.4,12401768746,1185,3565176941,2127168361,37.2527054445,126.9633072795
숙명여자대학교,사립,서울,대학,8825485.2,37266114624,3878,17079345602,12866157702,37.5452862347,126.9654124669
순복음총회신학교,사립,충북,대학,6243103.4,545410000,41,136290000,68640000,36.9042423884,128.1678518854
순천향대학교,사립,충남,대학,8540656.9,43959133744,3030,9689436508,5781752520,36.7713718912,126.9341337749
숭실대학교,사립,서울,대학,8643438.3,47295097252,4875,20181855175,14507896375,37.4964289689,126.9551579174
숭실사이버대학교,사립,서울,대학,2772244.9,14230790237,1043,2271000982,423050982,37.5744754999,126.9887757806
숭의여자대학교,사립,서울,전문대학,6587312.7,10915944203,822,2390087754,1364920820,37.55785307,126.9874816
신구대학교,사립,경기,전문대학,7227605.5,23132255675,2108,6286516748,3660230886,37.4488513933,127.1676965918
신라대학교,사립,부산,대학,7298401.8,27686176338,2360,6847357244,3665774438,35.17204045,128.997735
신성대학교,사립,충남,전문대학,6915858.1,10347635940,987,2864445015,1363145015,36.8537094815,126.5937686782
신안산대학교,사립,경기,전문대학,7253397.8,8942966273,488,1356723105,755873105,37.3090167886,126.8054164764
신한대학교,사립,경기,대학,9187366.5,27399613195,2667,9955525064,7271983513,37.9038616846,127.0378886139
아신대학교,사립,경기,대학,6900000.0,1456549490,401,1450233247,880333247,37.51121707,127.4289283
아주대학교,사립,경기,대학,9093154.8,33881462317,4774,19896866614,14163247011,37.2830563757,127.043660039
아주자동차대학교,사립,충남,전문대학,7204000.0,1758168030,127,388670000,203570000,36.4035077721,126.5795707763
안동과학대학교,사립,경북,전문대학,5939264.6,8206602093,636,1670565751,684415751,36.590202067,128.6528085274
안양대학교,사립,경기,대학,8369570.6,18027042578,1592,5323364012,3700264012,37.3917681913,126.9205262824
여주대학교,사립,경기,전문대학,7519321.8,11548910721,1091,3331752722,1883052722,37.2710928928,127.6363531039
연성대학교,사립,경기,전문대학,7086392.6,23236174920,1644,4821225758,2904960368,37.3974718885,126.9092044765
연세대학교,사립,서울,대학,9745809.0,97485820452,13963,75307027162,59192880206,37.56380644,126.9429309
연암공과대학교,사립,경남,전문대학,5568095.9,4427791532,247,597181170,200914490,35.1653123715,128.0980918385
연암대학교,사립,충남,전문대학,6283484.2,5507073675,336,940261774,482811774,36.9469108866,127.1557402868
영남대학교,사립,경북,대학,8072811.3,86583959963,6155,19827759555,11552106208,35.8304916312,128.7521801315
영남신학대학교,사립,경북,대학,6812000.0,1815807630,219,797474600,429524600,35.8806359388,128.8164972026
영남외국어대학,사립,경북,전문대학,5505204.2,2353022660,48,99570000,42320000,35.7851049019,128.7328729477
영남이공대학교,사립,대구,전문대학,6688516.2,26034798030,1508,3803655748,1597017503,35.8476757388,128.5841726241
영진사이버대학교,사립,대구,전문대학,2498803.1,7460586050,458,972326380,154509700,35.8956530967,128.6206225557
영진전문대학교,사립,대구,전문대학,6757226.4,31697863380,1843,4682098340,1839915000,35.8956530967,128.6206225557
예수대학교,사립,전북,대학,7491000.0,1850899675,125,355494000,197894000,35.81609361,127.1347885
예원예술대학교,사립,전북,대학,8879588.7,3737027520,326,1214724280,850774280,35.6477649163,127.2714667108
오산대학교,사립,경기,전문대학,7075413.7,15253208203,1151,3414367826,2042617826,37.1535666327,127.0632053539
용인대학교,사립,경기,대학,8424516.6,21573193510,2438,8989800254,6219917520,37.2278788826,127.1707242866
용인예술과학대학교,사립,경기,전문대학,7453471.8,8864296375,915,2745234393,1648688720,37.2285587731,127.2176837455
우석대학교,사립,전북,대학,7519491.2,26857797942,2009,6291711599,3459536217,35.9115415519,127.0676949957
우송대학교,사립,대전,대학,7817764.1,41788761782,2375,7020636060,3951536060,36.3357718385,127.4456423615
우송정보대학,사립,대전,전문대학,6636858.1,13679458591,761,1895040218,730290977,36.3370292829,127.4535858736
울산과학기술원,국공립,울산,대학,6567981.0,12728147295,621,1667363660,618563660,35.5773071412,129.1876189496
울산과학대학교,사립,울산,전문대학,6701181.8,16645593367,1192,3221713014,1512467155,35.4948007607,129.4157376925
웅지세무대학교,사립,경기,전문대학,6960000.0,947631320,44,93950000,29950000,37.8187547821,126.735704511
원광대학교,사립,전북,대학,8097126.7,50363170102,3807,12926723871,7287790934,35.9717139652,126.9602236808
원광디지털대학교,사립,전북,대학,2735094.3,10866595740,854,1894635000,407685000,35.9717139652,126.9602236808
원광보건대학교,사립,전북,전문대학,6668343.3,17215009747,1288,3199808850,1302625510,35.9727464625,126.9561956538
위덕대학교,사립,경북,대학,7312525.9,10285635601,498,1310568589,640022400,36.0161111238,129.2825906412
유원대학교,사립,충북,대학,7193377.1,25406860288,718,1954052500,875202500,36.1958945383,127.7990854009
유한대학교,사립,경기,전문대학,6756634.8,15996396436,1350,3879765042,2223821343,37.4881299136,126.8223663169
을지대학교,사립,대전,대학,9247499.6,18769868329,1378,4923662685,3483047722,36.333022209,127.4055717139
이화여자대학교,사립,서울,대학,9311388.0,56816775931,6414,32296067030,25303391914,37.56446452,126.9502888
인덕대학교,사립,서울,전문대학,7170128.5,20614258405,1963,6032833035,3725583035,37.6303438662,127.0544999153
인제대학교,사립,경남,대학,7926630.2,29815087765,2712,8341064821,4632077412,35.2528100896,128.9005153246
인천대학교,국공립,인천,대학,4650414.5,37440493078,3161,8140996359,3486469679,37.377855807,126.6325069881
인하공업전문대학,사립,인천,전문대학,7318815.2,28982779296,2190,6562518097,3685744174,37.4514480321,126.6515422581
인하대학교,사립,인천,대학,8490347.9,61359069359,6279,21427332234,13433089900,37.4514480321,126.6515422581
장로회신학대학교,사립,서울,대학,7308300.0,2791650905,1220,5624399828,4036908667,37.5502659035,127.1031347439
재능대학교,사립,인천,전문대학,7199291.8,12333988145,1020,2994760060,1650046111,37.47553313,126.6504734
전남과학대학교,사립,전남,전문대학,5493549.3,13257904087,676,1541103000,501653000,35.2774370304,127.1328147109
전남대학교,국공립,광주,대학,4198425.5,58416519402,5464,15911428359,7397825254,35.1729465032,126.9011018013
전남도립대학교,국공립,전남,전문대학,1962652.2,2108041405,107,212951000,20351000,35.32652548,126.9925943
전북과학대학교,사립,전북,전문대학,5403179.4,7459259898,423,1030542400,304692400,35.5480413147,126.8613577145
전북대학교,국공립,전북,대학,4461484.3,53677932423,4722,13190828102,5965614323,35.8411407037,127.13158997
전주교육대학교,국공립,전북,대학,3646000.0,1667174845,151,322992000,85186000,35.80916406,127.1538039
전주기전대학,사립,전북,전문대학,6800000.0,9947327470,344,888178778,349478778,35.81783331,127.1356698
전주대학교,사립,전북,대학,7543384.2,44117634272,2888,8461241157,4420841952,35.8161641667,127.0888841235
전주비전대학교,사립,전북,전문대학,6728959.0,12653440975,868,2160380650,844797300,35.8108768907,127.0909663382
제주관광대학교,사립,제주,전문대학,5475138.5,5938775742,300,725502500,256902500,33.447480226,126.4343028271
제주국제대학교,사립,제주,대학,5819108.1,829500560,36,104510000,53210000,33.4427732523,126.5698310914
제주대학교,국공립,제주,대학,4060630.6,27177775706,2463,6826796910,3021462231,33.45723698,126.5642939
제주한라대학교,사립,제주,전문대학,5618737.1,13285697155,943,2508256790,1138306790,33.4767897566,126.4741519031
조선간호대학교,사립,광주,전문대학,5477556.7,2301457770,268,668981750,254881750,35.1378110886,126.9287741264
조선대학교,사립,광주,대학,7718958.2,67271271120,4654,14340930403,7878910797,35.1460056436,126.9343635402
조선이공대학교,사립,광주,전문대학,5951378.2,10285526958,618,1386525192,389306250,35.1398173087,126.931692189
중부대학교,사립,충남,대학,7846832.5,29467560845,2403,7205941632,4147246987,36.191971712,127.4487039547
중앙대학교,사립,서울,대학,8796904.4,82149216925,8243,37724313643,27425680303,37.0004292004,127.2287086511
중원대학교,사립,충북,대학,7659699.5,19065380412,869,2421250370,1107333700,36.8191551495,127.79849385
진주교육대학교,국공립,경남,대학,3778500.0,3337101170,198,454258400,121108400,35.1858250841,128.0679685022
진주보건대학교,사립,경남,전문대학,6726579.9,9884414529,897,2399462054,1080762054,35.1980582876,128.0666581473
차의과학대학교,사립,경기,대학,7762597.4,9843910131,1471,7013512215,5242917765,37.8559879769,127.1375048262
창신대학교,사립,경남,대학,6964561.1,8062068945,429,1071783340,440450000,35.2446928951,128.5995961248
창원문성대학교,사립,경남,전문대학,6502184.0,3506021795,316,828450000,400850000,35.2349037743,128.661714662
청강문화산업대학교,사립,경기,전문대학,8073243.3,14557158551,1312,4201868370,2438932536,37.206453486,127.3564962171
청암대학교,사립,전남,전문대학,6217559.3,7984718509,418,1109168010,458168010,34.92772924,127.4895728717
청운대학교,사립,충남,대학,8000799.0,28095808243,1571,4467460184,2450978547,36.5823651167,126.6645184213
청주대학교,사립,충북,대학,8319491.0,44492459515,2958,9314869685,5556019685,36.6508565,127.4951991
초당대학교,사립,전남,대학,7231632.4,11923383402,739,2768468400,1696229500,34.98004734,126.4702665
총신대학교,사립,서울,대학,7556237.0,6354207349,1796,7109940278,4725037998,37.4879290071,126.9667631083
추계예술대학교,사립,서울,대학,9898886.0,3787086680,573,2371550980,1662600980,37.56317672,126.9540593
춘천교육대학교,국공립,강원,대학,3601590.4,2864006050,200,470804000,136254000,37.8594173196,127.7486049086
춘해보건대학교,사립,울산,전문대학,6647074.6,10005880005,1022,2767332439,1290282439,35.458332858,129.1959329439
충남대학교,국공립,대전,대학,4401836.0,43638538434,4563,13338782899,6478261031,36.3683682377,127.3420015374
충남도립대학교,국공립,충남,전문대학,2460813.7,3885646444,161,331514500,76214500,36.4364359136,126.8020104451
충북대학교,국공립,충북,대학,4305681.0,38061483280,3513,10046521423,4692054743,36.6300378225,127.4547916245
충북도립대학교,국공립,충북,전문대학,1873069.8,1919043283,80,171595980,42645980,36.2999991824,127.5721386448
충북보건과학대학교,사립,충북,전문대학,6723179.0,8939776939,592,1632055860,818905860,36.70350037,127.5533575
충청대학교,사립,충북,전문대학,6323805.7,11629662810,660,1798504685,855868851,36.6187308679,127.3698161787
칼빈대학교,사립,경기,대학,8030000.0,2902386060,221,792035000,497035000,37.3051459317,127.1286864256
평택대학교,사립,경기,대학,8198774.1,12342047520,1139,3945248449,2608015109,36.9946392307,127.1339684969
포항공과대학교,사립,경북,대학,5613500.0,11164528477,853,3912469000,2786819000,36.0128105618,129.3267049258
포항대학교,사립,경북,전문대학,6575609.6,7393888887,638,1657443451,669293451,36.0864217443,129.4106976799
한경국립대학교,국공립,경기,대학,4021297.0,16318842120,1077,2510916810,887194080,37.0102023831,127.2637663549
한국과학기술원,국공립,대전,대학,6866000.0,28234464377,2092,12159420000,9179320000,36.368282782,127.3569819243
한국관광대학교,사립,경기,전문대학,6832009.8,4562224173,321,894811460,445811460,37.2835214732,127.377924128
한국교원대학교,국공립,충북,대학,3456068.7,6351229650,765,2193765325,1179065325,36.6056651998,127.3573246773
한국기술교육대학교,사립,충남,대학,4475287.1,15536880063,662,1580662224,546912224,36.7651049505,127.2812003896
한국농수산대학교,국공립,전북,전문대학,0.0,174818800,64,131825000,9975000,35.8303912414,127.0685755786
한국방송통신대학교,국공립,서울,대학,762435.9,22882242229,7674,16102031058,1797795906,37.5791954862,127.003290881
한국복지사이버대학교,사립,경북,전문대학,2196000.0,5242231000,201,367858420,37358420,35.784803171,128.7293080486
한국성서대학교,사립,서울,대학,7506665.2,4374722229,486,1535841775,965522825,37.6489617716,127.0637509635
한국승강기대학교,사립,경남,전문대학,7221135.9,2611759150,119,320707160,157457160,35.6757097541,127.8959636315
한국에너지공과대학교,국공립,전남,대학,9000000.0,4376732500,38,75750000,0,35.010533852,126.8038870467
한국열린사이버대학교,사립,서울,대학,2423087.7,11211873610,583,1129347000,127147000,37.59833282,127.0916241
한국영상대학교,사립,세종,전문대학,6918276.8,12153280245,1195,3487376404,1775131954,36.46241109,127.2097438
한국체육대학교,국공립,서울,대학,3860074.8,6496372903,796,2273712065,1046762065,37.5199046323,127.1320005395
한국침례신학대학교,사립,대전,대학,5989978.1,5319422952,772,2637574759,1538874759,36.3847334913,127.3230427537
한국폴리텍 I 대학 서울강서캠퍼스,사립,서울,전문대학,2494000.0,519564115,75,150222000,29422000,37.5492424831,126.8424451284
한국폴리텍 I 대학 서울정수캠퍼스,사립,서울,전문대학,2494000.0,1448198911,255,531973830,92673830,37.5299749717,126.9968169507
한국폴리텍 I 대학 성남캠퍼스,사립,경기,전문대학,2432000.0,652492340,112,234314000,42064000,37.4588779494,127.1539911049
한국폴리텍 I 대학 제주캠퍼스,사립,제주,전문대학,2164000.0,69969000,6,11546000,3046000,33.448756636,126.5613103287
한국폴리텍 II 대학 남인천캠퍼스,사립,인천,전문대학,2494000.0,75656000,8,18273519,2294000,37.4726480111,126.6773336383
한국폴리텍 II 대학 인천캠퍼스,사립,인천,전문대학,2494000.0,1983080063,351,765140080,141540080,37.4791385371,126.7542073146
한국폴리텍 III 대학 강릉캠퍼스,사립,강원,전문대학,2526761.9,164062750,18,35047500,2247500,37.7368285503,128.8904156808
한국폴리텍 III 대학 원주캠퍼스,사립,강원,전문대학,2174000.0,146485000,20,39087000,587000,37.3626214834,127.9331420069
한국폴리텍 III 대학 춘천캠퍼스,사립,강원,전문대학,2432000.0,338657000,39,79012000,8512000,37.7993114937,127.7774724313
한국폴리텍 IV 대학 대전캠퍼스,사립,대전,전문대학,2432000.0,971267450,194,373412660,34762660,36.3510398956,127.4537573718
한국폴리텍 IV 대학 아산캠퍼스,사립,충남,전문대학,2432000.0,504413001,49,97612000,7712000,36.7720509091,126.9488454328
한국폴리텍 IV 대학 청주캠퍼스,사립,충북,전문대학,2432000.0,885337000,109,226412000,17212000,36.6395868034,127.4483781674
한국폴리텍 IV 대학 충남캠퍼스,사립,충남,전문대학,2164000.0,248860000,28,53582000,1082000,36.5826195875,126.6561652419
한국폴리텍 V 대학 광주캠퍼스,사립,광주,전문대학,2432000.0,1237525667,170,327462000,34112000,35.1829561363,126.8786718293
한국폴리텍 V 대학 익산캠퍼스,사립,전북,전문대학,2432000.0,115165000,10,13216000,1216000,35.9520018788,126.9905866097
한국폴리텍 V 대학 전남캠퍼스,사립,전남,전문대학,2164000.0,218341000,23,45496000,3246000,34.92352639,126.428917
한국폴리텍 V 대학 전북캠퍼스,사립,전북,전문대학,2321000.0,532743000,86,167965500,13765500,35.809487015,126.9397888173
한국폴리텍 VI 대학 구미캠퍼스,사립,경북,전문대학,2432000.0,867186001,112,221316000,28116000,36.1192767203,128.373736041
한국폴리텍 VI 대학 대구캠퍼스,사립,대구,전문대학,2432000.0,767142336,152,322796000,33696000,35.8740878357,128.553023239
한국폴리텍 VI 대학 영남융합기술캠퍼스,사립,대구,전문대학,2432000.0,258177000,27,60228000,9728000,35.9202430396,128.6420149045
한국폴리텍 VI 대학 영주캠퍼스,사립,경북,전문대학,2164000.0,92598000,7,11082000,1082000,36.801389866,128.6031602767
한국폴리텍 VII 대학 부산캠퍼스,사립,부산,전문대학,2432000.0,1147292587,184,362944000,41344000,35.21847737,129.0189807
한국폴리텍 VII 대학 울산캠퍼스,사립,울산,전문대학,2432000.0,907036333,170,332414000,35364000,35.5785306876,129.3480368277
한국폴리텍 VII 대학 창원캠퍼스,사립,경남,전문대학,2432000.0,2198211560,286,581520000,54220000,35.2257115695,128.6693024064
한국폴리텍 특성화대학 로봇캠퍼스,사립,경북,전문대학,2164000.0,271145000,48,103762000,15812000,35.9720683326,128.9210194243
한국폴리텍 특성화대학 바이오캠퍼스,사립,충남,전문대학,2595000.0,496650000,63,118055396,8082500,36.1459959595,127.0215587801
한국폴리텍 특성화대학 반도체융합캠퍼스,사립,경기,전문대학,2432000.0,473384000,86,165818000,26468000,37.0085293504,127.1762713311
한국폴리텍 특성화대학 항공캠퍼스,사립,경남,전문대학,2433846.2,409553667,72,147967500,25517500,34.9478495184,128.1079868526
한국항공대학교,사립,경기,대학,9210265.3,15244895175,1525,6207019679,4468200389,37.5990163345,126.8641725268
한남대학교,사립,대전,대학,7869677.4,46491151779,2663,7623566816,4138457204,36.3527995217,127.4233094254
한동대학교,사립,경북,대학,7413037.9,17698667318,1601,5440010127,3110010127,36.1023014257,129.3892660582
한라대학교,사립,강원,대학,7767468.5,12352179562,718,2087017290,1172990010,37.3039828221,127.9069246715
한림대학교,사립,강원,대학,8226649.5,27696772569,2101,6399889506,3782459506,37.8854286586,127.7349573
한림성심대학교,사립,강원,전문대학,6250016.4,10093895908,717,1919414900,979364900,37.8977761322,127.756726775
한서대학교,사립,충남,대학,8525200.1,25832986918,2379,9433551933,6463498324,36.6907157277,126.586964878
한성대학교,사립,서울,대학,8033733.0,26492831358,2160,7292427494,4841694494,37.5832358514,127.0103900048
한세대학교,사립,경기,대학,8859564.3,10412071990,1237,4782664529,3366314529,37.3441480061,126.953853734
한신대학교,사립,경기,대학,7892204.1,18457453964,1812,5405572571,3458322560,37.1924358258,127.0282138619
한양대학교,사립,서울,대학,9286647.0,102965000000,12580,60326739616,44744213741,37.5545035492,127.0466112168
한양사이버대학교,사립,서울,대학,2936765.0,26133850820,3335,7951942464,2371751000,37.5571863579,127.0475189747
한양여자대학교,사립,서울,전문대학,6761049.0,23463497155,1804,5170959269,3138001639,37.5579175887,127.0493218973
한영대학교,사립,전남,전문대학,6185299.1,4129483265,371,949565546,369028046,34.7537134374,127.7148970318
한일장신대학교,사립,전북,대학,6852602.7,3632525397,283,813619490,389034741,35.7642830072,127.205860466
협성대학교,사립,경기,대학,8135252.7,13592547291,1223,3975632911,2526632911,37.2132508836,126.9536229703
혜전대학교,사립,충남,전문대학,6323583.0,11039397527,826,2271958028,1041758028,36.5797705008,126.6591957671
호남대학교,사립,광주,대학,6788793.8,26828664218,1497,3974798476,1821598476,35.1499676557,126.7650403456
호남신학대학교,사립,광주,대학,6973029.8,2274507323,213,770385800,462385800,35.1401102947,126.9105687025
호산대학교,사립,경북,전문대학,6196261.2,8078326110,584,1634434977,725493540,35.9019863205,128.7987951284
호서대학교,사립,충남,대학,8412408.0,47505272182,4206,14593672832,9523455362,36.734463023,127.0771069285
호원대학교,사립,전북,대학,7501238.6,22422425790,1608,4736899673,2477416333,35.9679261845,126.8637876786
홍익대학교,사립,서울,대학,9152336.8,75731014441,7001,31416608948,23045389913,37.5525192524,126.9249906195
화신사이버대학교,사립,부산,대학,2515636.4,5696989620,178,316200000,14800000,35.18574618,129.1032576
