2025년_ [재적 학생 현황 (대학)],,,,,,,,,,,,,,,,,,,,,,,,,,,,,,,,,,
,,,,,,,,,,,,,,,,,,,,,,,,,,,,,,,,,,
,,,,,,,,,,,,,,,,,,,,,,,,,,,,,,,,,,
기준연도,학교종류,설립구분,지역,상태,학교,학생정원,재학생(A),,,,,,,휴학생(B),,,,,,,학사학위취득유예학생(C),,,,,,,재적학생(D=A+B+C),,,,,,
,,,,,,,계,,,남,,여,,계,,,남,,여,,계,,,남,,여,,계,,,남,,여,
,,,,,,,소계,정원내,정원외,정원내,정원외,정원내,정원외,소계,정원내,정원외,정원내,정원외,정원내,정원외,소계,정원내,정원외,정원내,정원외,정원내,정원외,소계,정원내,정원외,정원내,정원외,정원내,정원외
2025,대학교,사립,경남,기존,가야대학교(김해),"1,765","1,610","1,450",160,634,62,816,98,327,308,19,269,15,39,4,0,0,0,0,0,0,0,"1,937","1,758",179,903,77,855,102
2025,대학교,사립,경기,기존,가천대학교,"16,724","22,520","16,522","5,998","8,436","2,831","8,086","3,167","6,803","5,949",854,"4,544",702,"1,405",152,0,0,0,0,0,0,0,"29,323","22,471","6,852","12,980","3,533","9,491","3,319"
2025,대학교,사립,강원,기존,가톨릭관동대학교,"6,945","5,229","4,778",451,"2,853",195,"1,925",256,"2,800","2,616",184,"2,243",146,373,38,11,11,0,5,0,6,0,"8,040","7,405",635,"5,101",341,"2,304",294
2025,대학교,사립,충북,기존,가톨릭꽃동네대학교,432,418,395,23,137,12,258,11,157,149,8,114,4,35,4,1,1,0,1,0,0,0,576,545,31,252,16,293,15
2025,대학교,사립,경기,기존,가톨릭대학교,"6,296","7,843","6,079","1,764","2,530",731,"3,549","1,033","2,212","1,984",228,"1,334",144,650,84,0,0,0,0,0,0,0,"10,055","8,063","1,992","3,864",875,"4,199","1,117"
2025,대학교,사립,서울,기존,가톨릭대학교_제2캠퍼스,878,912,863,49,429,11,434,38,132,127,5,112,4,15,1,0,0,0,0,0,0,0,"1,044",990,54,541,15,449,39
2025,대학교,사립,서울,기존,가톨릭대학교_제3캠퍼스,200,197,189,8,130,6,59,2,112,107,5,89,4,18,1,0,0,0,0,0,0,0,309,296,13,219,10,77,3
2025,대학교,사립,서울,기존,감리교신학대학교,662,564,547,17,323,5,224,12,190,187,3,159,3,28,0,0,0,0,0,0,0,0,754,734,20,482,8,252,12
2025,대학교,사립,경기,기존,강남대학교,"5,964","6,522","5,848",674,"2,730",335,"3,118",339,"2,084","1,947",137,"1,412",97,535,40,74,72,2,21,2,51,0,"8,680","7,867",813,"4,163",434,"3,704",379
2025,대학교,사립,서울,기존,강서대학교,"1,108","1,742","1,018",724,396,415,622,309,476,412,64,298,42,114,22,0,0,0,0,0,0,0,"2,218","1,430",788,694,457,736,331
2025,대학교,국립,강원,기존,강원대학교,"12,736","14,157","12,426","1,731","6,900",980,"5,526",751,"6,283","5,783",500,"4,735",391,"1,048",109,297,283,14,132,9,151,5,"20,737","18,492","2,245","11,767","1,380","6,725",865
2025,대학교,국립,강원,기존,강원대학교_제2캠퍼스,"5,439","4,817","4,499",318,"2,919",186,"1,580",132,"3,663","3,441",222,"3,038",204,403,18,31,29,2,21,2,8,0,"8,511","7,969",542,"5,978",392,"1,991",150
2025,대학교,사립,충북,기존,건국대학교(글로컬)_분교,"6,336","7,190","6,399",791,"2,815",321,"3,584",470,"3,107","2,876",231,"2,086",152,790,79,76,65,11,30,2,35,9,"10,373","9,340","1,033","4,931",475,"4,409",558
2025,대학교,사립,서울,기존,건국대학교,"12,138","15,960","12,864","3,096","7,198","1,286","5,666","1,810","6,002","5,305",697,"4,042",475,"1,263",222,874,794,80,367,44,427,36,"22,836","18,963","3,873","11,607","1,805","7,356","2,068"
2025,대학교,사립,충남,기존,건양대학교,"2,903","2,531","2,343",188,"1,179",101,"1,164",87,704,685,19,586,17,99,2,14,12,2,4,0,8,2,"3,249","3,040",209,"1,769",118,"1,271",91
2025,대학교,사립,대전,기존,건양대학교_제2캠퍼스,"3,754","3,841","3,522",319,"1,174",88,"2,348",231,662,628,34,500,27,128,7,6,6,0,0,0,6,0,"4,509","4,156",353,"1,674",115,"2,482",238
2025,사이버대학(대학),사립,대전,기존,건양사이버대학교,"3,396","4,078","3,029","1,049",781,383,"2,248",666,336,243,93,50,22,193,71,0,0,0,0,0,0,0,"4,414","3,272","1,142",831,405,"2,441",737
2025,대학교,사립,경기,기존,경기대학교,"10,491","11,891","10,601","1,290","5,260",633,"5,341",657,"3,890","3,588",302,"2,688",232,900,70,382,356,26,148,12,208,14,"16,163","14,545","1,618","8,096",877,"6,449",741
2025,대학교,사립,서울,기존,경기대학교_제2캠퍼스,"1,312","1,841","1,413",428,439,144,974,284,450,401,49,215,22,186,27,57,53,4,10,1,43,3,"2,348","1,867",481,664,167,"1,203",314
2025,대학교,국립,경남,폐교,경남과학기술대학교,24,"1,285","1,226",59,"1,098",56,128,3,399,373,26,319,24,54,2,89,85,4,54,2,31,2,"1,773","1,684",89,"1,471",82,213,7
2025,대학교,사립,경남,기존,경남대학교,"8,287","8,352","7,458",894,"4,502",477,"2,956",417,"2,717","2,574",143,"2,298",122,276,21,17,17,0,14,0,3,0,"11,086","10,049","1,037","6,814",599,"3,235",438
2025,대학교,사립,강원,기존,경동대학교,3,"1,126",32,"1,094",31,714,1,380,21,20,1,20,1,0,0,0,0,0,0,0,0,0,"1,147",52,"1,095",51,715,1,380
2025,대학교,사립,강원,기존,경동대학교_제3캠퍼스,"3,608","3,566","3,240",326,988,85,"2,252",241,746,686,60,543,44,143,16,2,2,0,2,0,0,0,"4,314","3,928",386,"1,533",129,"2,395",257
2025,대학교,사립,경기,기존,경동대학교_제4캠퍼스,"2,698","2,453","2,365",88,"1,431",54,934,34,"1,049","1,029",20,906,17,123,3,2,2,0,1,0,1,0,"3,504","3,396",108,"2,338",71,"1,058",37
2025,대학교,국립,대구,기존,경북대학교,"19,199","22,562","20,386","2,176","11,250","1,123","9,136","1,053","6,459","5,986",473,"4,979",396,"1,007",77,468,442,26,202,14,240,12,"29,489","26,814","2,675","16,431","1,533","10,383","1,142"
2025,대학교,국립,경남,기존,경상국립대학교,"17,518","16,424","15,263","1,161","8,229",642,"7,034",519,"5,529","5,209",320,"4,355",266,854,54,190,182,8,97,4,85,4,"22,143","20,654","1,489","12,681",912,"7,973",577
2025,대학교,사립,부산,기존,경성대학교,"11,095","12,568","10,134","2,434","4,606","1,460","5,528",974,"3,727","3,507",220,"2,674",172,833,48,191,178,13,74,6,104,7,"16,486","13,819","2,667","7,354","1,638","6,465","1,029"
2025,대학교,사립,경북,기존,경운대학교,"4,736","5,074","4,207",867,"2,458",410,"1,749",457,"1,080","1,026",54,905,37,121,17,14,13,1,9,1,4,0,"6,168","5,246",922,"3,372",448,"1,874",474
2025,교육대학,국립,인천,기존,경인교육대학교,"2,320","1,132","1,037",95,304,24,733,71,40,35,5,22,1,13,4,0,0,0,0,0,0,0,"1,172","1,072",100,326,25,746,75
2025,교육대학,국립,경기,기존,경인교육대학교_제2캠퍼스,0,"1,161","1,060",101,278,32,782,69,45,41,4,20,2,21,2,0,0,0,0,0,0,0,"1,206","1,101",105,298,34,803,71
2025,대학교,사립,경북,기존,경일대학교,"6,182","6,930","5,920","1,010","3,538",695,"2,382",315,"1,574","1,444",130,"1,303",110,141,20,20,19,1,15,0,4,1,"8,524","7,383","1,141","4,856",805,"2,527",336
2025,대학교,사립,서울,기존,경희대학교,"20,016","25,573","20,048","5,525","10,395","2,088","9,653","3,437","7,286","6,320",966,"4,483",611,"1,837",355,0,0,0,0,0,0,0,"32,859","26,368","6,491","14,878","2,699","11,490","3,792"
2025,사이버대학(대학),사립,서울,기존,경희사이버대학교,"9,200","10,615","7,295","3,320","2,779","1,425","4,516","1,895","1,164",755,409,270,148,485,261,0,0,0,0,0,0,0,"11,779","8,050","3,729","3,049","1,573","5,001","2,156"
2025,대학교,사립,대구,기존,계명대학교,"18,704","20,491","17,957","2,534","8,454","1,043","9,503","1,491","7,874","7,299",575,"5,493",415,"1,806",160,250,235,15,97,6,138,9,"28,615","25,491","3,124","14,044","1,464","11,447","1,660"
2025,대학교,사립,세종,기존,고려대학교(세종)_분교,"5,903","6,714","5,692","1,022","3,484",605,"2,208",417,"2,346","2,161",185,"1,772",149,389,36,29,23,6,12,4,11,2,"9,089","7,876","1,213","5,268",758,"2,608",455
2025,대학교,사립,서울,기존,고려대학교,"16,159","21,772","16,526","5,246","8,971","2,162","7,555","3,084","6,183","5,386",797,"4,066",592,"1,320",205,250,221,29,102,9,119,20,"28,205","22,133","6,072","13,139","2,763","8,994","3,309"
2025,사이버대학(대학),사립,서울,기존,고려사이버대학교,"7,378","10,301","7,519","2,782","4,158","1,629","3,361","1,153","1,458","1,057",401,549,207,508,194,0,0,0,0,0,0,0,"11,759","8,576","3,183","4,707","1,836","3,869","1,347"
2025,대학교,사립,부산,기존,고신대학교,"3,436","3,263","3,153",110,"1,393",45,"1,760",65,421,412,9,364,8,48,1,3,3,0,1,0,2,0,"3,687","3,568",119,"1,758",53,"1,810",66
2025,교육대학,국립,충남,기존,공주교육대학교,"1,374","1,365","1,275",90,409,38,866,52,46,42,4,28,3,14,1,0,0,0,0,0,0,0,"1,411","1,317",94,437,41,880,53
2025,대학교,사립,광주,기존,광신대학교,454,436,398,38,156,15,242,23,38,37,1,23,0,14,1,0,0,0,0,0,0,0,474,435,39,179,15,256,24
2025,대학교,사립,서울,기존,광운대학교,"7,038","8,414","6,723","1,691","4,259",782,"2,464",909,"2,803","2,536",267,"2,158",210,378,57,0,0,0,0,0,0,0,"11,217","9,259","1,958","6,417",992,"2,842",966
2025,대학교,사립,전남,기존,광주가톨릭대학교,160,61,61,0,55,0,6,0,32,32,0,32,0,0,0,0,0,0,0,0,0,0,93,93,0,87,0,6,0
2025,대학교,특별법법인,광주,기존,광주과학기술원,800,920,830,90,556,64,274,26,248,244,4,226,4,18,0,0,0,0,0,0,0,0,"1,168","1,074",94,782,68,292,26
2025,교육대학,국립,광주,기존,광주교육대학교,"1,265","1,257","1,178",79,485,21,693,58,41,39,2,25,1,14,1,0,0,0,0,0,0,0,"1,298","1,217",81,510,22,707,59
2025,대학교,사립,광주,기존,광주대학교,"5,412","4,900","4,479",421,"2,171",156,"2,308",265,"1,243","1,183",60,956,42,227,18,15,15,0,4,0,11,0,"6,158","5,677",481,"3,131",198,"2,546",283
2025,대학교,사립,광주,기존,광주여자대학교,"3,611","3,239","2,978",261,42,17,"2,936",244,163,154,9,0,0,154,9,12,10,2,0,0,10,2,"3,414","3,142",272,42,17,"3,100",255
2025,대학교,국립,강원,기존,국립강릉원주대학교,"5,057","4,723","4,369",354,"2,535",172,"1,834",182,"1,906","1,781",125,"1,492",102,289,23,82,80,2,41,1,39,1,"6,711","6,230",481,"4,068",275,"2,162",206
2025,대학교,국립,강원,기존,국립강릉원주대학교_제2캠퍼스,"1,961","1,958","1,831",127,"1,035",82,796,45,727,688,39,627,35,61,4,34,32,2,19,2,13,0,"2,719","2,551",168,"1,681",119,870,49
2025,대학교,국립,경북,기존,국립경국대학교,"5,629","4,602","4,372",230,"2,708",144,"1,664",86,"1,794","1,714",80,"1,530",73,184,7,48,45,3,29,3,16,0,"6,444","6,131",313,"4,267",220,"1,864",93
2025,대학교,국립,충남,기존,국립공주대학교,"11,292","12,357","10,618","1,739","5,113","1,145","5,505",594,"3,449","3,211",238,"2,634",191,577,47,108,98,10,37,4,61,6,"15,914","13,927","1,987","7,784","1,340","6,143",647
2025,대학교,국립,전북,기존,국립군산대학교,"6,864","6,221","5,719",502,"3,697",290,"2,022",212,"2,231","2,130",101,"1,928",83,202,18,45,44,1,20,0,24,1,"8,497","7,893",604,"5,645",373,"2,248",231
2025,대학교,국립,경북,기존,국립금오공과대학교,"4,934","4,895","4,491",404,"3,555",332,936,72,"2,368","2,191",177,"2,064",164,127,13,25,25,0,14,0,11,0,"7,288","6,707",581,"5,633",496,"1,074",85
2025,대학교,국립,전남,기존,국립목포대학교,"6,072","5,664","5,172",492,"2,985",335,"2,187",157,"1,989","1,852",137,"1,580",125,272,12,26,24,2,15,2,9,0,"7,679","7,048",631,"4,580",462,"2,468",169
2025,대학교,국립,전남,기존,국립목포해양대학교,"2,737","2,646","2,501",145,"2,015",121,486,24,434,394,40,366,36,28,4,1,1,0,1,0,0,0,"3,081","2,896",185,"2,382",157,514,28
2025,대학교,국립,부산,기존,국립부경대학교,"13,177","15,131","13,194","1,937","6,961",952,"6,233",985,"5,005","4,570",435,"3,603",331,967,104,311,297,14,127,11,170,3,"20,447","18,061","2,386","10,691","1,294","7,370","1,092"
2025,대학교,국립,전남,기존,국립순천대학교,"6,466","6,352","5,805",547,"3,083",316,"2,722",231,"2,010","1,906",104,"1,601",89,305,15,22,21,1,15,1,6,0,"8,384","7,732",652,"4,699",406,"3,033",246
2025,대학교,국립,경남,기존,국립창원대학교,"7,009","7,401","6,749",652,"3,630",372,"3,119",280,"2,581","2,396",185,"1,932",154,464,31,90,84,6,42,1,42,5,"10,072","9,229",843,"5,604",527,"3,625",316
2025,대학교,국립,충북,기존,국립한국교통대학교,"7,657","7,950","7,167",783,"5,096",574,"2,071",209,"3,126","2,908",218,"2,651",210,257,8,60,58,2,37,2,21,0,"11,136","10,133","1,003","7,784",786,"2,349",217
2025,대학교,국립,부산,기존,국립한국해양대학교,"5,488","6,326","5,746",580,"3,998",438,"1,748",142,"1,541","1,440",101,"1,251",91,189,10,83,81,2,43,1,38,1,"7,950","7,267",683,"5,292",530,"1,975",153
2025,대학교,국립,대전,기존,국립한밭대학교,"7,613","8,243","7,333",910,"4,300",599,"3,033",311,"2,625","2,460",165,"2,101",141,359,24,133,125,8,69,5,56,3,"11,001","9,918","1,083","6,470",745,"3,448",338
2025,대학교,사립,서울,기존,국민대학교,"11,921","14,502","11,732","2,770","6,324","1,103","5,408","1,667","5,194","4,543",651,"3,449",410,"1,094",241,732,667,65,261,20,406,45,"20,428","16,942","3,486","10,034","1,533","6,908","1,953"
2025,사이버대학(대학),사립,경기,기존,국제사이버대학교,"2,900","3,649","2,749",900,"1,101",424,"1,648",476,543,409,134,174,54,235,80,0,0,0,0,0,0,0,"4,192","3,158","1,034","1,275",478,"1,883",556
2025,대학교,사립,충북,기존,극동대학교,"3,547","3,165","2,474",691,"1,271",389,"1,203",302,720,681,39,553,27,128,12,11,9,2,7,0,2,2,"3,896","3,164",732,"1,831",416,"1,333",316
2025,사이버대학(대학),사립,충남,기존,글로벌사이버대학교,"3,580","2,457","2,428",29,809,15,"1,619",14,382,378,4,148,3,230,1,0,0,0,0,0,0,0,"2,839","2,806",33,957,18,"1,849",15
2025,대학교,사립,충남,기존,금강대학교,440,62,62,0,37,0,25,0,33,33,0,31,0,2,0,1,1,0,1,0,0,0,96,96,0,69,0,27,0
2025,대학교,사립,경북,기존,김천대학교,"2,567","2,319","2,009",310,"1,097",161,912,149,455,431,24,378,20,53,4,1,1,0,0,0,1,0,"2,775","2,441",334,"1,475",181,966,153
2025,대학교,사립,충남,기존,나사렛대학교,"4,784","4,494","3,972",522,"1,926",247,"2,046",275,"1,393","1,310",83,"1,094",64,216,19,8,8,0,4,0,4,0,"5,895","5,290",605,"3,024",311,"2,266",294
2025,대학교,사립,광주,기존,남부대학교,"2,507","2,364","2,135",229,"1,048",118,"1,087",111,406,380,26,323,22,57,4,6,6,0,6,0,0,0,"2,776","2,521",255,"1,377",140,"1,144",115
2025,대학교,사립,충남,기존,남서울대학교,"8,808","8,922","7,655","1,267","3,660",492,"3,995",775,"3,045","2,912",133,"2,387",105,525,28,35,33,2,14,0,19,2,"12,002","10,600","1,402","6,061",597,"4,539",805
2025,대학교,사립,경기,기존,단국대학교,"9,150","11,372","9,538","1,834","4,962",827,"4,576","1,007","3,706","3,303",403,"2,449",282,854,121,475,430,45,167,16,263,29,"15,553","13,271","2,282","7,578","1,125","5,693","1,157"
2025,대학교,사립,충남,기존,단국대학교_제2캠퍼스,"9,632","10,548","9,616",932,"4,006",377,"5,610",555,"2,707","2,476",231,"1,746",172,730,59,216,195,21,56,7,139,14,"13,471","12,287","1,184","5,808",556,"6,479",628
2025,대학교,사립,경북,기존,대구가톨릭대학교,"10,477","11,320","9,516","1,804","4,870",964,"4,646",840,"3,138","2,952",186,"2,504",145,448,41,76,74,2,32,1,42,1,"14,534","12,542","1,992","7,406","1,110","5,136",882
2025,대학교,특별법법인,대구,기존,대구경북과학기술원,840,921,843,78,520,60,323,18,211,208,3,184,3,24,0,0,0,0,0,0,0,0,"1,132","1,051",81,704,63,347,18
2025,교육대학,국립,대구,기존,대구교육대학교,"1,486","1,514","1,380",134,512,65,868,69,44,43,1,28,1,15,0,0,0,0,0,0,0,0,"1,558","1,423",135,540,66,883,69
2025,대학교,사립,경북,기존,대구대학교,"15,316","15,459","13,080","2,379","6,486","1,245","6,594","1,134","5,096","4,764",332,"4,087",262,677,70,106,95,11,44,6,51,5,"20,661","17,939","2,722","10,617","1,513","7,322","1,209"
2025,사이버대학(대학),사립,경북,기존,대구사이버대학교,"3,800","3,212","2,176","1,036",384,184,"1,792",852,"1,760","1,299",461,160,61,"1,139",400,0,0,0,0,0,0,0,"4,972","3,475","1,497",544,245,"2,931","1,252"
2025,대학교,사립,경북,기존,대구예술대학교,"1,260",250,153,97,84,71,69,26,119,116,3,83,3,33,0,0,0,0,0,0,0,0,369,269,100,167,74,102,26
2025,대학교,사립,경북,기존,대구한의대학교,"6,078","6,961","5,225","1,736","2,104",939,"3,121",797,"1,150","1,038",112,779,78,259,34,27,26,1,9,1,17,0,"8,138","6,289","1,849","2,892","1,018","3,397",831
2025,대학교,사립,경북,기존,대신대학교,498,"1,335",483,852,180,486,303,366,175,170,5,98,1,72,4,0,0,0,0,0,0,0,"1,510",653,857,278,487,375,370
2025,대학교,사립,세종,기존,대전가톨릭대학교,160,35,34,1,32,1,2,0,13,13,0,13,0,0,0,0,0,0,0,0,0,0,48,47,1,45,1,2,0
2025,대학교,사립,대전,기존,대전대학교,"7,592","7,823","7,061",762,"3,648",341,"3,413",421,"2,570","2,415",155,"2,043",131,372,24,40,38,2,23,2,15,0,"10,433","9,514",919,"5,714",474,"3,800",445
2025,대학교,사립,대전,기존,대전신학대학교,128,48,48,0,23,0,25,0,4,4,0,2,0,2,0,0,0,0,0,0,0,0,52,52,0,25,0,27,0
2025,대학교,사립,경기,기존,대진대학교,"6,936","7,751","6,247","1,504","3,390",809,"2,857",695,"2,698","2,526",172,"1,978",131,548,41,2,2,0,1,0,1,0,"10,451","8,775","1,676","5,369",940,"3,406",736
2025,대학교,사립,서울,기존,덕성여자대학교,"4,630","5,566","4,898",668,0,0,"4,898",668,785,722,63,0,0,722,63,216,207,9,0,0,207,9,"6,567","5,827",740,0,0,"5,827",740
2025,대학교,사립,경북,기존,동국대학교(WISE)_분교,"7,296","6,898","6,139",759,"3,336",396,"2,803",363,"2,921","2,743",178,"2,284",154,459,24,12,12,0,5,0,7,0,"9,831","8,894",937,"5,625",550,"3,269",387
2025,대학교,사립,서울,기존,동국대학교,"11,215","13,841","11,112","2,729","5,679","1,099","5,433","1,630","4,674","4,075",599,"3,000",409,"1,075",190,115,108,7,36,2,72,5,"18,630","15,295","3,335","8,715","1,510","6,580","1,825"
2025,대학교,사립,서울,기존,동덕여자대학교,"6,308","6,392","5,560",832,0,8,"5,560",824,"1,665","1,551",114,0,0,"1,551",114,299,273,26,0,0,273,26,"8,356","7,384",972,0,8,"7,384",964
2025,대학교,사립,부산,기존,동명대학교,"6,181","6,761","5,499","1,262","2,795",731,"2,704",531,"2,155","2,029",126,"1,616",87,413,39,43,41,2,23,2,18,0,"8,959","7,569","1,390","4,434",820,"3,135",570
2025,대학교,사립,부산,기존,동서대학교,"8,420","8,582","7,599",983,"3,516",329,"4,083",654,"2,602","2,431",171,"1,829",130,602,41,78,77,1,34,1,43,0,"11,262","10,107","1,155","5,379",460,"4,728",695
2025,대학교,사립,전남,기존,동신대학교,"5,962","5,571","4,804",767,"2,483",368,"2,321",399,"1,023",962,61,845,52,117,9,19,19,0,11,0,8,0,"6,613","5,785",828,"3,339",420,"2,446",408
2025,대학교,사립,부산,기존,동아대학교,"16,486","17,634","15,906","1,728","7,668",854,"8,238",874,"6,244","5,792",452,"4,428",351,"1,364",101,381,349,32,155,17,194,15,"24,259","22,047","2,212","12,251","1,222","9,796",990
2025,대학교,사립,경북,기존,동양대학교,"4,000","4,241","3,667",574,"2,378",432,"1,289",142,953,897,56,790,46,107,10,12,12,0,9,0,3,0,"5,206","4,576",630,"3,177",478,"1,399",152
2025,대학교,사립,부산,기존,동의대학교,"14,320","14,302","12,684","1,618","6,974",904,"5,710",714,"5,069","4,696",373,"3,935",310,761,63,69,65,4,24,2,41,2,"19,440","17,445","1,995","10,933","1,216","6,512",779
2025,사이버대학(대학),사립,서울,기존,디지털서울문화예술대학교,"3,530","2,854","2,444",410,899,314,"1,545",96,616,525,91,282,78,243,13,0,0,0,0,0,0,0,"3,470","2,969",501,"1,181",392,"1,788",109
2025,대학교,사립,경기,기존,루터대학교,340,300,295,5,123,3,172,2,59,59,0,45,0,14,0,0,0,0,0,0,0,0,359,354,5,168,3,186,2
2025,대학교,사립,경기,기존,명지대학교,"5,283","5,741","5,264",477,"3,232",321,"2,032",156,"2,187","2,047",140,"1,737",119,310,21,138,129,9,59,6,70,3,"8,066","7,440",626,"5,028",446,"2,412",180
2025,대학교,사립,서울,기존,명지대학교_제2캠퍼스,"5,052","7,530","5,033","2,497","2,244",872,"2,789","1,625","2,171","1,770",401,"1,200",206,570,195,242,208,34,67,8,141,26,"9,943","7,011","2,932","3,511","1,086","3,500","1,846"
2025,대학교,사립,대전,기존,목원대학교,"7,322","7,390","6,688",702,"3,446",344,"3,242",358,"1,952","1,860",92,"1,509",77,351,15,11,11,0,6,0,5,0,"9,353","8,559",794,"4,961",421,"3,598",373
2025,대학교,사립,전남,기존,목포가톨릭대학교,480,463,434,29,82,3,352,26,50,46,4,25,3,21,1,0,0,0,0,0,0,0,513,480,33,107,6,373,27
2025,대학교,사립,대전,기존,배재대학교,"7,503","7,344","6,708",636,"3,812",315,"2,896",321,"2,036","1,939",97,"1,727",87,212,10,31,29,2,18,0,11,2,"9,411","8,676",735,"5,557",402,"3,119",333
2025,대학교,사립,충남,기존,백석대학교,"11,460","11,574","10,430","1,144","4,615",513,"5,815",631,"3,588","3,354",234,"2,746",183,608,51,47,43,4,17,2,26,2,"15,209","13,827","1,382","7,378",698,"6,449",684
2025,대학교,사립,부산,기존,부산가톨릭대학교,"2,836","3,449","2,706",743,"1,038",264,"1,668",479,616,556,60,473,40,83,20,6,6,0,4,0,2,0,"4,071","3,268",803,"1,515",304,"1,753",499
2025,교육대학,국립,부산,기존,부산교육대학교,"1,381","1,368","1,252",116,372,42,880,74,38,34,4,20,3,14,1,0,0,0,0,0,0,0,"1,406","1,286",120,392,45,894,75
2025,대학교,국립,부산,기존,부산대학교,"17,645","19,900","18,091","1,809","9,877",770,"8,214","1,039","6,219","5,796",423,"4,667",298,"1,129",125,315,292,23,138,10,154,13,"26,434","24,179","2,255","14,682","1,078","9,497","1,177"
2025,사이버대학(대학),사립,부산,기존,부산디지털대학교,"2,780","2,859","2,511",348,596,108,"1,915",240,350,312,38,87,7,225,31,0,0,0,0,0,0,0,"3,209","2,823",386,683,115,"2,140",271
2025,대학교,사립,부산,기존,부산외국어대학교,"6,070","6,471","5,524",947,"2,644",466,"2,880",481,"2,659","2,493",166,"1,838",121,655,45,87,83,4,22,1,61,3,"9,217","8,100","1,117","4,504",588,"3,596",529
2025,대학교,사립,경남,기존,부산장신대학교,128,125,124,1,42,1,82,0,18,18,0,10,0,8,0,0,0,0,0,0,0,0,143,142,1,52,1,90,0
2025,사이버대학(대학),사립,서울,기존,사이버한국외국어대학교,"4,940","6,390","4,674","1,716","1,344",696,"3,330","1,020","1,411","1,028",383,297,136,731,247,0,0,0,0,0,0,0,"7,801","5,702","2,099","1,641",832,"4,061","1,267"
2025,대학교,사립,서울,기존,삼육대학교,"4,628","5,268","4,648",620,"2,122",291,"2,526",329,"1,476","1,370",106,"1,039",76,331,30,94,85,9,27,5,58,4,"6,838","6,103",735,"3,188",372,"2,915",363
2025,대학교,사립,서울,기존,상명대학교,"5,362","6,267","5,364",903,"2,630",348,"2,734",555,"1,954","1,728",226,"1,291",162,437,64,210,193,17,79,9,114,8,"8,431","7,285","1,146","4,000",519,"3,285",627
2025,대학교,사립,충남,기존,상명대학교_제2캠퍼스,"5,384","5,517","5,101",416,"1,989",126,"3,112",290,"1,873","1,766",107,"1,227",64,539,43,176,164,12,42,2,122,10,"7,566","7,031",535,"3,258",192,"3,773",343
2025,대학교,사립,강원,기존,상지대학교,"7,078","5,722","5,344",378,"3,175",224,"2,169",154,"2,359","2,244",115,"1,931",95,313,20,14,11,3,9,3,2,0,"8,095","7,599",496,"5,115",322,"2,484",174
2025,대학교,사립,서울,기존,서강대학교,"6,380","8,429","6,566","1,863","3,632",827,"2,934","1,036","2,812","2,445",367,"1,831",280,614,87,680,599,81,296,44,303,37,"11,921","9,610","2,311","5,759","1,151","3,851","1,160"
2025,대학교,사립,서울,기존,서경대학교,"5,196","6,864","5,067","1,797","2,466",402,"2,601","1,395","1,817","1,627",190,"1,197",143,430,47,40,38,2,17,0,21,2,"8,721","6,732","1,989","3,680",545,"3,052","1,444"
2025,대학교,국립,서울,기존,서울과학기술대학교,"8,764","10,444","8,849","1,595","5,457",778,"3,392",817,"3,176","2,991",185,"2,495",130,496,55,191,189,2,114,1,75,1,"13,811","12,029","1,782","8,066",909,"3,963",873
2025,교육대학,국립,서울,기존,서울교육대학교,"1,377","1,285","1,157",128,374,32,783,96,50,47,3,27,1,20,2,0,0,0,0,0,0,0,"1,335","1,204",131,401,33,803,98
2025,대학교,사립,서울,기존,서울기독대학교,544,"1,279",440,839,184,524,256,315,60,53,7,33,6,20,1,0,0,0,0,0,0,0,"1,339",493,846,217,530,276,316
2025,대학교,국립대법인,서울,기존,서울대학교,"13,743","17,279","15,524","1,755","9,414",955,"6,110",800,"4,577","4,184",393,"3,493",309,691,84,0,0,0,0,0,0,0,"21,856","19,708","2,148","12,907","1,264","6,801",884
2025,사이버대학(대학),사립,서울,기존,서울디지털대학교,"9,250","11,052","7,215","3,837","3,220","2,188","3,995","1,649","1,312",830,482,322,238,508,244,0,0,0,0,0,0,0,"12,364","8,045","4,319","3,542","2,426","4,503","1,893"
2025,사이버대학(대학),사립,서울,기존,서울사이버대학교,"10,620","15,803","10,076","5,727","4,596","3,149","5,480","2,578","1,909","1,183",726,547,369,636,357,0,0,0,0,0,0,0,"17,712","11,259","6,453","5,143","3,518","6,116","2,935"
2025,대학교,공립,서울,기존,서울시립대학교,"6,996","8,949","8,036",913,"4,743",528,"3,293",385,"2,852","2,685",167,"2,162",116,523,51,0,0,0,0,0,0,0,"11,801","10,721","1,080","6,905",644,"3,816",436
2025,대학교,사립,경기,기존,서울신학대학교,"1,848","1,967","1,856",111,717,42,"1,139",69,438,406,32,301,22,105,10,21,18,3,2,1,16,2,"2,426","2,280",146,"1,020",65,"1,260",81
2025,대학교,사립,서울,기존,서울여자대학교,"6,563","7,692","6,551","1,141",0,0,"6,551","1,141","1,312","1,186",126,0,0,"1,186",126,580,531,49,0,0,531,49,"9,584","8,268","1,316",0,0,"8,268","1,316"
2025,대학교,사립,경기,기존,서울장신대학교,378,331,281,50,160,32,121,18,73,70,3,54,2,16,1,0,0,0,0,0,0,0,404,351,53,214,34,137,19
2025,대학교,사립,서울,기존,서울한영대학교,720,778,504,274,198,144,306,130,224,208,16,134,10,74,6,2,2,0,0,0,2,0,"1,004",714,290,332,154,382,136
2025,대학교,사립,충북,기존,서원대학교,"6,488","7,648","6,092","1,556","2,979","1,047","3,113",509,"1,856","1,708",148,"1,453",117,255,31,11,10,1,5,0,5,1,"9,515","7,810","1,705","4,437","1,164","3,373",541
2025,대학교,사립,충남,기존,선문대학교,"8,241","8,435","7,283","1,152","4,507",507,"2,776",645,"2,762","2,590",172,"2,246",121,344,51,56,54,2,24,2,30,0,"11,253","9,927","1,326","6,777",630,"3,150",696
2025,대학교,사립,경기,기존,성결대학교,"4,912","5,241","4,899",342,"2,209",151,"2,690",191,"1,570","1,486",84,"1,114",60,372,24,62,57,5,15,2,42,3,"6,873","6,442",431,"3,338",213,"3,104",218
2025,대학교,사립,서울,기존,성공회대학교,"2,008","2,234","1,899",335,840,180,"1,059",155,856,804,52,531,40,273,12,54,51,3,25,1,26,2,"3,144","2,754",390,"1,396",221,"1,358",169
2025,대학교,사립,서울,기존,성균관대학교,"13,794","19,612","14,280","5,332","7,932","2,320","6,348","3,012","5,787","4,737","1,050","3,512",747,"1,225",303,0,0,0,0,0,0,0,"25,399","19,017","6,382","11,444","3,067","7,573","3,315"
2025,대학교,사립,서울,기존,성신여자대학교,"8,547","9,404","8,310","1,094",0,1,"8,310","1,093","1,599","1,451",148,0,0,"1,451",148,435,389,46,0,0,389,46,"11,438","10,150","1,288",0,1,"10,150","1,287"
2025,대학교,사립,충북,기존,세명대학교,"6,526","5,515","5,134",381,"2,741",155,"2,393",226,"1,914","1,802",112,"1,560",91,242,21,44,40,4,18,0,22,4,"7,473","6,976",497,"4,319",246,"2,657",251
2025,대학교,사립,서울,기존,세종대학교,"9,871","13,171","10,000","3,171","5,594","1,797","4,406","1,374","3,906","3,515",391,"2,678",302,837,89,0,0,0,0,0,0,0,"17,077","13,515","3,562","8,272","2,099","5,243","1,463"
2025,사이버대학(대학),사립,서울,기존,세종사이버대학교,"6,960","11,464","6,282","5,182","2,914","2,886","3,368","2,296","1,373",820,553,356,272,464,281,0,0,0,0,0,0,0,"12,837","7,102","5,735","3,270","3,158","3,832","2,577"
2025,대학교,사립,전남,기존,세한대학교,"3,268","3,139","2,663",476,"1,269",162,"1,394",314,799,725,74,578,39,147,35,7,6,1,5,1,1,0,"3,945","3,394",551,"1,852",202,"1,542",349
2025,대학교,사립,광주,기존,송원대학교,"2,670","2,569","2,291",278,"1,064",139,"1,227",139,439,423,16,356,10,67,6,7,7,0,1,0,6,0,"3,015","2,721",294,"1,421",149,"1,300",145
2025,대학교,사립,경기,기존,수원가톨릭대학교,360,96,95,1,90,1,5,0,25,25,0,25,0,0,0,0,0,0,0,0,0,0,121,120,1,115,1,5,0
2025,대학교,사립,경기,기존,수원대학교,"8,520","8,368","7,842",526,"3,873",282,"3,969",244,"3,031","2,854",177,"2,198",144,656,33,77,75,2,35,0,40,2,"11,476","10,771",705,"6,106",426,"4,665",279
2025,대학교,사립,서울,기존,숙명여자대학교,"8,660","10,134","8,536","1,598",0,0,"8,536","1,598","1,743","1,523",220,0,0,"1,523",220,0,0,0,0,0,0,0,"11,877","10,059","1,818",0,0,"10,059","1,818"
2025,각종학교(대학),사립,충북,기존,순복음총회신학교,238,137,137,0,82,0,55,0,17,17,0,13,0,4,0,0,0,0,0,0,0,0,154,154,0,95,0,59,0
2025,대학교,사립,충남,기존,순천향대학교,"9,806","11,080","9,629","1,451","4,887",759,"4,742",692,"2,961","2,743",218,"2,345",181,398,37,66,66,0,24,0,42,0,"14,107","12,438","1,669","7,256",940,"5,182",729
2025,대학교,사립,서울,기존,숭실대학교,"10,777","14,738","11,045","3,693","6,319","1,324","4,726","2,369","5,225","4,601",624,"3,577",418,"1,024",206,0,0,0,0,0,0,0,"19,963","15,646","4,317","9,896","1,742","5,750","2,575"
2025,사이버대학(대학),사립,서울,기존,숭실사이버대학교,"4,900","7,536","4,365","3,171","2,085","1,812","2,280","1,359",604,385,219,179,103,206,116,0,0,0,0,0,0,0,"8,140","4,750","3,390","2,264","1,915","2,486","1,475"
2025,대학교,사립,경북,기존,신경주대학교,"3,304","1,179","1,101",78,502,40,599,38,143,135,8,92,7,43,1,0,0,0,0,0,0,0,"1,322","1,236",86,594,47,642,39
2025,대학교,사립,부산,기존,신라대학교,"6,865","6,877","6,016",861,"2,943",448,"3,073",413,"1,463","1,399",64,"1,197",52,202,12,30,29,1,15,0,14,1,"8,370","7,444",926,"4,155",500,"3,289",426
2025,대학교,사립,경기,기존,신한대학교,648,693,570,123,246,26,324,97,185,169,16,120,7,49,9,13,13,0,5,0,8,0,891,752,139,371,33,381,106
2025,대학교,사립,경기,기존,신한대학교_제2캠퍼스,"4,972","5,786","4,802",984,"2,147",440,"2,655",544,"1,418","1,344",74,"1,042",51,302,23,45,41,4,17,0,24,4,"7,249","6,187","1,062","3,206",491,"2,981",571
2025,대학교,사립,경기,기존,아신대학교,420,236,227,9,129,6,98,3,60,59,1,48,1,11,0,0,0,0,0,0,0,0,296,286,10,177,7,109,3
2025,대학교,사립,경기,기존,아주대학교,"7,948","10,194","8,042","2,152","4,820","1,096","3,222","1,056","3,178","2,815",363,"2,331",277,484,86,302,280,22,149,14,131,8,"13,674","11,137","2,537","7,300","1,387","3,837","1,150"
2025,대학교,사립,경기,기존,안양대학교,"3,954","4,353","4,052",301,"2,002",143,"2,050",158,"1,573","1,479",94,"1,090",67,389,27,62,59,3,23,1,36,2,"5,988","5,590",398,"3,115",211,"2,475",187
2025,대학교,사립,인천,기존,안양대학교_제2캠퍼스,580,300,299,1,198,0,101,1,166,166,0,146,0,20,0,1,1,0,0,0,1,0,467,466,1,344,0,122,1
2025,대학교,사립,강원,기존,연세대학교(미래)_분교,"5,649","6,931","5,687","1,244","2,971",674,"2,716",570,"2,071","1,854",217,"1,453",166,401,51,61,57,4,30,4,27,0,"9,063","7,598","1,465","4,454",844,"3,144",621
2025,대학교,사립,서울,기존,연세대학교,"14,356","21,005","15,652","5,353","8,515","2,249","7,137","3,104","5,975","4,849","1,126","3,609",754,"1,240",372,934,770,164,324,55,446,109,"27,914","21,271","6,643","12,448","3,058","8,823","3,585"
2025,대학교,사립,경북,기존,영남대학교,"18,610","20,623","18,392","2,231","9,396","1,170","8,996","1,061","7,312","6,744",568,"5,216",443,"1,528",125,17,17,0,8,0,9,0,"27,952","25,153","2,799","14,620","1,613","10,533","1,186"
2025,대학교,사립,경북,기존,영남신학대학교,460,371,367,4,121,1,246,3,123,123,0,48,0,75,0,0,0,0,0,0,0,0,494,490,4,169,1,321,3
2025,대학교,사립,경남,기존,영산대학교(양산)_제2캠퍼스,"2,370","2,722","2,471",251,"1,005",119,"1,466",132,347,324,23,246,13,78,10,8,8,0,6,0,2,0,"3,077","2,803",274,"1,257",132,"1,546",142
2025,대학교,사립,부산,기존,영산대학교(해운대),"2,992","2,974","2,292",682,945,403,"1,347",279,610,582,28,448,16,134,12,1,1,0,1,0,0,0,"3,585","2,875",710,"1,394",419,"1,481",291
2025,대학교,사립,전남,기존,영산선학대학교,200,23,21,2,11,0,10,2,12,12,0,9,0,3,0,0,0,0,0,0,0,0,35,33,2,20,0,13,2
2025,대학교,사립,전북,기존,예수대학교,460,480,446,34,96,4,350,30,87,84,3,53,1,31,2,3,3,0,0,0,3,0,570,533,37,149,5,384,32
2025,대학교,사립,전북,기존,예원예술대학교,516,537,434,103,207,50,227,53,199,192,7,127,5,65,2,0,0,0,0,0,0,0,736,626,110,334,55,292,55
2025,대학교,사립,경기,기존,예원예술대학교_제2캠퍼스,452,699,377,322,106,186,271,136,132,120,12,73,7,47,5,0,0,0,0,0,0,0,831,497,334,179,193,318,141
2025,대학교,사립,경기,기존,용인대학교,"5,048","5,326","4,954",372,"2,695",204,"2,259",168,"1,844","1,734",110,"1,337",85,397,25,0,0,0,0,0,0,0,"7,170","6,688",482,"4,032",289,"2,656",193
2025,대학교,사립,전북,기존,우석대학교,"6,296","6,629","5,260","1,369","3,173",776,"2,087",593,"1,578","1,481",97,"1,279",82,202,15,18,18,0,15,0,3,0,"8,225","6,759","1,466","4,467",858,"2,292",608
2025,대학교,사립,대전,기존,우송대학교,"8,005","9,680","7,459","2,221","4,399","1,190","3,060","1,031","3,135","2,757",378,"2,524",282,233,96,25,24,1,7,0,17,1,"12,840","10,240","2,600","6,930","1,472","3,310","1,128"
2025,대학교,특별법법인,울산,기존,울산과학기술원,"1,600","1,893","1,614",279,"1,098",194,516,85,503,455,48,418,46,37,2,0,0,0,0,0,0,0,"2,396","2,069",327,"1,516",240,553,87
2025,대학교,사립,울산,기존,울산대학교,"10,683","10,606","9,915",691,"5,529",436,"4,386",255,"4,704","4,343",361,"3,555",305,788,56,287,275,12,146,8,129,4,"15,597","14,533","1,064","9,230",749,"5,303",315
2025,대학교,사립,전북,기존,원광대학교,"12,600","12,360","11,583",777,"6,454",366,"5,129",411,"4,258","4,052",206,"3,529",171,523,35,54,51,3,35,1,16,2,"16,672","15,686",986,"10,018",538,"5,668",448
2025,사이버대학(대학),사립,전북,기존,원광디지털대학교,"4,630","4,931","3,429","1,502",786,464,"2,643","1,038","2,045","1,379",666,271,156,"1,108",510,0,0,0,0,0,0,0,"6,976","4,808","2,168","1,057",620,"3,751","1,548"
2025,대학교,사립,경북,기존,위덕대학교,"2,468","2,116","2,061",55,"1,002",16,"1,059",39,287,282,5,224,2,58,3,6,6,0,1,0,5,0,"2,409","2,349",60,"1,227",18,"1,122",42
2025,대학교,사립,충북,기존,유원대학교,"3,500","4,032","3,719",313,"1,480",96,"2,239",217,463,441,22,366,18,75,4,4,4,0,3,0,1,0,"4,499","4,164",335,"1,849",114,"2,315",221
2025,대학교,사립,대전,기존,을지대학교,300,357,302,55,167,24,135,31,55,49,6,48,6,1,0,0,0,0,0,0,0,0,412,351,61,215,30,136,31
2025,대학교,사립,경기,기존,을지대학교_제2캠퍼스,"3,309","3,653","3,383",270,"1,009",98,"2,374",172,735,685,50,464,36,221,14,38,36,2,12,1,24,1,"4,426","4,104",322,"1,485",135,"2,619",187
2025,대학교,사립,경기,기존,을지대학교_제3캠퍼스,697,707,646,61,165,15,481,46,145,138,7,98,4,40,3,0,0,0,0,0,0,0,852,784,68,263,19,521,49
2025,대학교,사립,서울,기존,이화여자대학교,"12,930","16,452","13,519","2,933",0,0,"13,519","2,933","2,411","2,119",292,0,0,"2,119",292,"1,282","1,149",133,0,0,"1,149",133,"20,145","16,787","3,358",0,0,"16,787","3,358"
2025,대학교,사립,경남,기존,인제대학교,"6,964","6,844","6,130",714,"3,198",284,"2,932",430,"1,740","1,671",69,"1,431",60,240,9,8,8,0,5,0,3,0,"8,592","7,809",783,"4,634",344,"3,175",439
2025,대학교,사립,인천,기존,인천가톨릭대학교,49,40,40,0,38,0,2,0,13,13,0,11,0,2,0,0,0,0,0,0,0,0,53,53,0,49,0,4,0
2025,대학교,사립,인천,기존,인천가톨릭대학교_제2캠퍼스,612,657,610,47,136,3,474,44,83,76,7,48,3,28,4,0,0,0,0,0,0,0,740,686,54,184,6,502,48
2025,대학교,국립대법인,인천,기존,인천대학교,"10,016","11,247","10,155","1,092","5,619",663,"4,536",429,"4,013","3,733",280,"2,973",231,760,49,228,210,18,88,8,122,10,"15,488","14,098","1,390","8,680",902,"5,418",488
2025,대학교,사립,인천,기존,인하대학교,"14,228","17,830","14,728","3,102","8,468","1,764","6,260","1,338","7,032","6,254",778,"5,032",611,"1,222",167,0,0,0,0,0,0,0,"24,862","20,982","3,880","13,500","2,375","7,482","1,505"
2025,대학교,사립,서울,기존,장로회신학대학교,600,572,535,37,255,20,280,17,179,172,7,134,6,38,1,0,0,0,0,0,0,0,751,707,44,389,26,318,18
2025,대학교,국립,광주,기존,전남대학교,"14,439","16,391","15,090","1,301","7,173",600,"7,917",701,"4,780","4,452",328,"3,390",226,"1,062",102,191,173,18,90,9,83,9,"21,362","19,715","1,647","10,653",835,"9,062",812
2025,대학교,국립,전남,기존,전남대학교_제2캠퍼스,"3,273","2,808","2,428",380,"1,638",304,790,76,"1,383","1,240",143,"1,084",128,156,15,15,15,0,7,0,8,0,"4,206","3,683",523,"2,729",432,954,91
2025,대학교,국립,전북,기존,전북대학교,"16,181","17,841","15,955","1,886","8,467","1,044","7,488",842,"5,480","5,087",393,"4,129",321,958,72,240,232,8,101,2,131,6,"23,561","21,274","2,287","12,697","1,367","8,577",920
2025,교육대학,국립,전북,기존,전주교육대학교,"1,106","1,019",949,70,328,28,621,42,38,35,3,22,3,13,0,0,0,0,0,0,0,0,"1,057",984,73,350,31,634,42
2025,대학교,사립,전북,기존,전주대학교,"10,143","10,147","9,348",799,"5,179",413,"4,169",386,"3,327","3,138",189,"2,558",144,580,45,73,68,5,36,4,32,1,"13,547","12,554",993,"7,773",561,"4,781",432
2025,기술대학,사립,서울,기존,정석대학,200,23,23,0,15,0,8,0,0,0,0,0,0,0,0,0,0,0,0,0,0,0,23,23,0,15,0,8,0
2025,대학교,사립,제주,기존,제주국제대학교,"1,480",263,103,160,95,102,8,58,50,44,6,41,3,3,3,0,0,0,0,0,0,0,313,147,166,136,105,11,61
2025,대학교,국립,제주,기존,제주대학교,"8,938","9,306","8,452",854,"4,060",432,"4,392",422,"3,495","3,225",270,"2,398",184,827,86,90,85,5,23,2,62,3,"12,891","11,762","1,129","6,481",618,"5,281",511
2025,대학교,사립,광주,기존,조선대학교,"17,877","17,911","16,493","1,418","8,842",719,"7,651",699,"6,964","6,527",437,"5,297",356,"1,230",81,111,104,7,54,4,50,3,"24,986","23,124","1,862","14,193","1,079","8,931",783
2025,대학교,사립,충남,기존,중부대학교,"7,035","6,991","5,930","1,061","2,838",609,"3,092",452,"3,087","2,859",228,"2,292",179,567,49,30,30,0,13,0,17,0,"10,108","8,819","1,289","5,143",788,"3,676",501
2025,대학교,사립,서울,기존,중앙대학교,"13,132","18,637","13,763","4,874","7,170","1,964","6,593","2,910","6,005","4,784","1,221","3,521",790,"1,263",431,718,649,69,271,32,378,37,"25,360","19,196","6,164","10,962","2,786","8,234","3,378"
2025,대학교,사립,경기,기존,중앙대학교_제2캠퍼스,"4,752","4,963","4,410",553,"1,797",238,"2,613",315,"1,629","1,489",140,"1,052",58,437,82,117,116,1,37,0,79,1,"6,709","6,015",694,"2,886",296,"3,129",398
2025,대학교,사립,경기,기존,중앙승가대학교,480,53,49,4,30,4,19,0,10,10,0,9,0,1,0,0,0,0,0,0,0,0,63,59,4,39,4,20,0
2025,대학교,사립,충북,기존,중원대학교,"3,195","3,324","3,005",319,"1,702",191,"1,303",128,492,475,17,400,14,75,3,9,9,0,7,0,2,0,"3,825","3,489",336,"2,109",205,"1,380",131
2025,교육대학,국립,경남,기존,진주교육대학교,"1,238","1,169","1,109",60,426,32,683,28,46,44,2,27,2,17,0,0,0,0,0,0,0,0,"1,215","1,153",62,453,34,700,28
2025,대학교,사립,경기,기존,차의과학대학교,"2,046","2,154","1,936",218,655,82,"1,281",136,435,407,28,290,19,117,9,34,32,2,7,1,25,1,"2,623","2,375",248,952,102,"1,423",146
2025,대학교,사립,경남,기존,창신대학교,"1,340","1,582","1,291",291,456,120,835,171,284,275,9,218,7,57,2,8,8,0,8,0,0,0,"1,874","1,574",300,682,127,892,173
2025,산업대학,사립,충남,기존,청운대학교,"4,335","5,135","3,621","1,514","2,082",747,"1,539",767,"1,516","1,275",241,"1,032",177,243,64,46,34,12,17,2,17,10,"6,697","4,930","1,767","3,131",926,"1,799",841
2025,교육대학,국립,충북,기존,청주교육대학교,"1,110","1,075",998,77,299,34,699,43,37,32,5,17,4,15,1,0,0,0,0,0,0,0,"1,112","1,030",82,316,38,714,44
2025,대학교,사립,충북,기존,청주대학교,"10,596","11,943","9,711","2,232","4,893","1,340","4,818",892,"4,519","4,177",342,"3,415",281,762,61,18,17,1,5,0,12,1,"16,480","13,905","2,575","8,313","1,621","5,592",954
2025,대학교,사립,전남,기존,초당대학교,"2,903","2,225","2,082",143,"1,103",62,979,81,454,416,38,356,33,60,5,7,6,1,2,0,4,1,"2,686","2,504",182,"1,461",95,"1,043",87
2025,대학교,사립,서울,기존,총신대학교,"1,228","1,398","1,252",146,496,69,756,77,300,274,26,180,15,94,11,9,8,1,5,1,3,0,"1,707","1,534",173,681,85,853,88
2025,대학교,사립,서울,기존,추계예술대학교,"1,000","1,113","1,023",90,326,42,697,48,230,222,8,119,3,103,5,21,18,3,0,1,18,2,"1,364","1,263",101,445,46,818,55
2025,교육대학,국립,강원,기존,춘천교육대학교,"1,245","1,186","1,121",65,401,26,720,39,43,42,1,27,1,15,0,0,0,0,0,0,0,0,"1,229","1,163",66,428,27,735,39
2025,대학교,국립,대전,기존,충남대학교,"14,967","17,696","16,022","1,674","8,233",898,"7,789",776,"4,630","4,349",281,"3,447",216,902,65,173,163,10,81,5,82,5,"22,499","20,534","1,965","11,761","1,119","8,773",846
2025,대학교,국립,충북,기존,충북대학교,"11,957","13,228","11,813","1,415","6,620",717,"5,193",698,"3,967","3,663",304,"3,081",238,582,66,163,155,8,78,6,77,2,"17,358","15,631","1,727","9,779",961,"5,852",766
2025,대학교,사립,경기,기존,칼빈대학교,360,"2,159",305,"1,854",201,870,104,984,111,100,11,74,1,26,10,0,0,0,0,0,0,0,"2,270",405,"1,865",275,871,130,994
2025,사이버대학(대학),사립,서울,신설,태재대학교,300,46,34,12,13,4,21,8,3,3,0,3,0,0,0,0,0,0,0,0,0,0,49,37,12,16,4,21,8
2025,대학교,사립,경기,기존,평택대학교,"3,248","3,006","2,771",235,"1,604",147,"1,167",88,"1,007",962,45,826,38,136,7,30,27,3,6,1,21,2,"4,043","3,760",283,"2,436",186,"1,324",97
2025,대학교,사립,경북,기존,포항공과대학교,"1,280","1,477","1,332",145,"1,003",116,329,29,379,358,21,333,21,25,0,0,0,0,0,0,0,0,"1,856","1,690",166,"1,336",137,354,29
2025,대학교,국립,경기,기존,한경국립대학교,"4,911","5,428","4,887",541,"2,861",299,"2,026",242,"1,768","1,670",98,"1,394",68,276,30,56,54,2,28,1,26,1,"7,252","6,611",641,"4,283",368,"2,328",273
2025,대학교,사립,경기,기존,한국공학대학교,"5,550","7,596","5,912","1,684","4,339","1,319","1,573",365,"2,411","2,202",209,"2,024",196,178,13,50,50,0,32,0,18,0,"10,057","8,164","1,893","6,395","1,515","1,769",378
2025,대학교,특별법법인,대전,기존,한국과학기술원,"3,880","4,008","3,525",483,"2,812",365,713,118,"1,101","1,058",43,"1,008",38,50,5,0,0,0,0,0,0,0,"5,109","4,583",526,"3,820",403,763,123
2025,대학교,국립,충북,기존,한국교원대학교,"2,171","2,342","2,171",171,942,64,"1,229",107,231,214,17,167,13,47,4,14,12,2,2,2,10,0,"2,587","2,397",190,"1,111",79,"1,286",111
2025,대학교,사립,충남,기존,한국기술교육대학교,"3,344","4,157","3,590",567,"2,669",441,921,126,"1,470","1,376",94,"1,284",88,92,6,141,139,2,97,2,42,0,"5,768","5,105",663,"4,050",531,"1,055",132
2025,방송통신대학,국립,서울,기존,한국방송통신대학교,"215,500","92,953","81,310","11,643","27,700","4,592","53,610","7,051","28,708","25,310","3,398","9,338","1,296","15,972","2,102",0,0,0,0,0,0,0,"121,661","106,620","15,041","37,038","5,888","69,582","9,153"
2025,대학교,사립,서울,기존,한국성서대학교,897,972,883,89,352,25,531,64,177,161,16,117,5,44,11,0,0,0,0,0,0,0,"1,149","1,044",105,469,30,575,75
2025,대학교,특별법법인,전남,기존,한국에너지공과대학교,400,301,277,24,193,14,84,10,104,92,12,83,10,9,2,0,0,0,0,0,0,0,405,369,36,276,24,93,12
2025,사이버대학(대학),사립,서울,기존,한국열린사이버대학교,"2,900","5,723","2,754","2,969",716,"1,511","2,038","1,458",454,232,222,68,114,164,108,0,0,0,0,0,0,0,"6,177","2,986","3,191",784,"1,625","2,202","1,566"
2025,각종학교(대학),특별법국립,서울,기존,한국예술종합학교,"2,252","2,787","2,640",147,851,44,"1,789",103,544,523,21,285,11,238,10,0,0,0,0,0,0,0,"3,331","3,163",168,"1,136",55,"2,027",113
2025,대학교,사립,서울,기존,한국외국어대학교,"13,704","17,101","13,952","3,149","5,660","1,263","8,292","1,886","5,592","4,792",800,"3,041",481,"1,751",319,0,0,0,0,0,0,0,"22,693","18,744","3,949","8,701","1,744","10,043","2,205"
2025,대학교,특별법국립,충남,기존,한국전통문화대학교,560,583,563,20,211,4,352,16,132,123,9,92,7,31,2,0,0,0,0,0,0,0,715,686,29,303,11,383,18
2025,대학교,국립,서울,기존,한국체육대학교,"2,140","2,339","2,187",152,"1,345",111,842,41,566,514,52,426,43,88,9,20,18,2,5,0,13,2,"2,925","2,719",206,"1,776",154,943,52
2025,대학교,사립,대전,기존,한국침례신학대학교,811,677,662,15,313,5,349,10,175,171,4,120,3,51,1,0,0,0,0,0,0,0,852,833,19,433,8,400,11
2025,대학교,사립,경기,기존,한국항공대학교,"3,440","4,255","3,604",651,"2,620",496,984,155,"1,611","1,411",200,"1,246",184,165,16,0,0,0,0,0,0,0,"5,866","5,015",851,"3,866",680,"1,149",171
2025,대학교,사립,대전,기존,한남대학교,"10,933","11,608","10,427","1,181","5,269",524,"5,158",657,"4,257","4,004",253,"3,138",204,866,49,0,0,0,0,0,0,0,"15,865","14,431","1,434","8,407",728,"6,024",706
2025,대학교,사립,경북,기존,한동대학교,"2,916","3,876","3,368",508,"1,588",272,"1,780",236,"1,278","1,134",144,845,114,289,30,77,71,6,28,3,43,3,"5,231","4,573",658,"2,461",389,"2,112",269
2025,대학교,사립,강원,기존,한라대학교,"3,554","3,128","2,761",367,"2,090",240,671,127,821,773,48,699,43,74,5,25,22,3,15,0,7,3,"3,974","3,556",418,"2,804",283,752,135
2025,대학교,사립,강원,기존,한림대학교,"7,368","7,575","7,019",556,"3,542",276,"3,477",280,"2,762","2,543",219,"1,997",165,546,54,90,82,8,31,3,51,5,"10,427","9,644",783,"5,570",444,"4,074",339
2025,대학교,사립,충남,기존,한서대학교,"6,171","6,117","5,582",535,"3,365",277,"2,217",258,"1,835","1,738",97,"1,586",85,152,12,0,0,0,0,0,0,0,"7,952","7,320",632,"4,951",362,"2,369",270
2025,대학교,사립,서울,기존,한성대학교,"5,912","7,011","5,921","1,090","3,013",364,"2,908",726,"2,127","1,942",185,"1,421",116,521,69,250,236,14,103,9,133,5,"9,388","8,099","1,289","4,537",489,"3,562",800
2025,대학교,사립,경기,기존,한세대학교,"2,264","2,509","2,340",169,896,75,"1,444",94,660,606,54,396,40,210,14,0,0,0,0,0,0,0,"3,169","2,946",223,"1,292",115,"1,654",108
2025,대학교,사립,경기,기존,한신대학교,"4,718","5,172","4,737",435,"2,236",215,"2,501",220,"1,880","1,745",135,"1,302",98,443,37,130,123,7,47,1,76,6,"7,182","6,605",577,"3,585",314,"3,020",263
2025,대학교,사립,경기,기존,한양대학교(ERICA)_분교,"7,815","10,890","7,681","3,209","4,284","1,640","3,397","1,569","3,634","2,870",764,"2,314",493,556,271,538,500,38,224,20,276,18,"15,062","11,051","4,011","6,822","2,153","4,229","1,858"
2025,대학교,사립,서울,기존,한양대학교,"11,849","16,432","11,774","4,658","7,011","2,145","4,763","2,513","5,434","4,231","1,203","3,340",866,891,337,907,774,133,374,71,400,62,"22,773","16,779","5,994","10,725","3,082","6,054","2,912"
2025,사이버대학(대학),사립,서울,기존,한양사이버대학교,"10,880","16,640","10,635","6,005","5,112","2,978","5,523","3,027","1,219",787,432,363,182,424,250,0,0,0,0,0,0,0,"17,859","11,422","6,437","5,475","3,160","5,947","3,277"
2025,대학교,사립,전북,기존,한일장신대학교,876,699,630,69,304,41,326,28,200,199,1,139,1,60,0,5,4,1,2,0,2,1,904,833,71,445,42,388,29
2025,대학교,사립,경기,기존,협성대학교,"4,016","3,773","3,530",243,"1,551",141,"1,979",102,"1,266","1,195",71,872,55,323,16,57,57,0,20,0,37,0,"5,096","4,782",314,"2,443",196,"2,339",118
2025,대학교,사립,광주,기존,호남대학교,"6,068","6,223","5,278",945,"2,694",505,"2,584",440,"1,632","1,543",89,"1,354",70,189,19,13,13,0,7,0,6,0,"7,868","6,834","1,034","4,055",575,"2,779",459
2025,대학교,사립,광주,기존,호남신학대학교,476,396,391,5,150,1,241,4,356,356,0,210,0,146,0,0,0,0,0,0,0,0,752,747,5,360,1,387,4
2025,대학교,사립,충남,기존,호서대학교,"11,568","11,923","10,882","1,041","5,952",570,"4,930",471,"3,661","3,461",200,"2,992",182,469,18,49,46,3,18,1,28,2,"15,633","14,389","1,244","8,962",753,"5,427",491
2025,산업대학,사립,전북,기존,호원대학교,"4,277","5,013","3,478","1,535","1,552",560,"1,926",975,"1,092",992,100,684,64,308,36,12,11,1,6,1,5,0,"6,117","4,481","1,636","2,242",625,"2,239","1,011"
2025,대학교,사립,서울,기존,홍익대학교,"9,680","12,368","9,826","2,542","5,000",813,"4,826","1,729","3,799","3,269",530,"2,362",283,907,247,918,808,110,332,50,476,60,"17,085","13,903","3,182","7,694","1,146","6,209","2,036"
2025,대학교,사립,세종,기존,홍익대학교_제2캠퍼스,"5,286","5,518","5,054",464,"2,374",189,"2,680",275,"1,886","1,737",149,"1,261",101,476,48,347,312,35,107,9,205,26,"7,751","7,103",648,"3,742",299,"3,361",349
2025,대학교,사립,경기,기존,화성의과학대학교,"1,056",533,495,38,214,8,281,30,172,162,10,133,7,29,3,0,0,0,0,0,0,0,705,657,48,347,15,310,33
2025,사이버대학(대학),사립,부산,기존,화신사이버대학교,"1,586","2,093","1,537",556,501,216,"1,036",340,157,125,32,50,10,75,22,0,0,0,0,0,0,0,"2,250","1,662",588,551,226,"1,111",362
,,,,,,,,,,,,,,,,,,,,,,,,,,,,,,,,,,
